repo_name	bigquery_fasta_file
0111001101111010/scorpion-api	1
1dayac/cnvera	1
1kfg/aftol_resources	1
23andme/seqseek	1
23andme/stranding	1
3nrique0/tools_for_bioinformatics	1
3nrique0/tutorials	1
3upperm2n/gpuocelot	1
444thliao/varappx	1
444thliao/varappx-flask	1
4ment/physher	1
a-bioinformatician/breakmer	1
a-slide/fastq_control_sampler	1
a-slide/jupytergenoviewer	1
a-slide/refmasker	1
a-slide/targetpredict	1
a113n/bcbio-nextgen	1
aaiezza/flick	1
aakechin/cutprimers	1
aakechin/endchooser	1
aakrosh/bamreport	1
aakrosh/dbassign	1
aakrosh/indelminer	1
aakrosh/srtk	1
aakrosh/yasra	1
aalokaily/eramer	1
aand065/multitypetree	1
aaronsaunders/dksludge	1
aavilahe/coevo_analysis_pypackage	1
aavilahe/coevo_tools	1
ababaian/biosyntax	1
abattenhouse/mirutils	1
abeconnelly/cglf	1
abeconnelly/hgvm-lighting-graph	1
abeconnelly/hgvm-lightning-graph	1
abeconnelly/vg	1
abeellab/lorikeet	1
abeellab/phasm	1
abelew/hpgl	1
abetusk/scratch	1
abhiatgithub/shogun-toolbox	1
abims-sbr/bioconda-recipes	1
abishara/athena_meta	1
abiswas-odu/disco	1
abiswas-odu/omega3	1
ablab-nthu/csar	1
ablifedev/ablirc	1
abretaud/python-chado	1
abretaud/tools-iuc	1
acaprez/recipes	1
acesnik/mzlib	1
acharbonneau/general	1
acm-usal/seminario-python	1
aconz2/clownfish	1
acrmgroup/bioplib	1
acrmgroup/bioptools	1
acrmgroup/canonicals	1
adam-rabinowitz/ngs_analysis	1
adam-rabinowitz/ngs_python	1
adamewing/bamsurgeon	1
adamewing/discord-retro	1
adamewing/exonerate	1
adamewing/gripper	1
adamewing/tebreak	1
adamjorr/errlumina	1
adamjorr/meep	1
adamkoziol/geneseekrweb	1
adamkoziol/genesipprv2	1
adamnovak/hgvm-builder	1
adamnovak/server	1
adamrp/qiime	1
adamrp/qiita	1
adamtaranto/corset-tools	1
adamtongji/dnazip	1
adarob/express	1
adebali/adebali.github.io	1
adeich/filterdnasequences	1
adelomana/cassandra	1
adelomana/schema	1
adina/bodega-howe-ncbi	1
ador/phytreesearch	1
adrian-cantu/pprinseqc	1
adrianbaezortega/muttree	1
adrlar/cansnper	1
aebruno/twobit	1
aekazakov/transform	1
aerler/studygroup	1
aerval/blast_comparison	1
agarg2008/hmmer-fork	1
agartland/hlapredcache	1
agartland/notebooks	1
agartland/pysieve	1
agdphd/algorun	1
agent007/deepchem	1
agentfog/qiime	1
aghozlane/masque	1
aghozlane/shaman	1
agiess/pren-tis	1
agitter/dragonn	1
agitter/omicsintegrator	1
agjacome/funpep	1
agordon/fastx_toolkit	1
agordon/vcftools	1
agrilifegenomicsandbioinformatics/testing-seqc	1
agua/agua	1
aguadev/aguadev	1
ahammel/srtools	1
ahmedmoustafa/jaligner	1
ahwagner/genome	1
aidanbudd/trainingphylointro	1
ajkal/cluster-picker-and-cluster-matcher	1
ajkal/flavanalysis	1
ajprobst/sngl_cp_gn	1
ajrichards/htsint	1
akiyamalab/ghostz-gpu	1
akloetgen/para-suite	1
akloetgen/para-suite_aligner	1
akshayparopkari/phylotoast	1
aksw/dl-learner	1
alachins/omegaplus	1
alaindomissy/docker-crispr	1
alainr85/bio_primers	1
alberto-p/kpax2	1
alberto-p/kpax3.jl	1
albertopessia/kpax3.jl	1
aldermossy/sequenceserver	1
alecw/picard	1
alejob/mdanalysis	1
alejorojas2/rojas_survey_phytopath_2016	1
ales-ibt/metagenomic-benchmark	1
alesssia/yamp	1
alevchuk/finding-the-sequence-of-a-domain	1
alevchuk/hclust-fasta	1
alevchuk/mash	1
alevchuk/ms	1
alevchuk/pfam-clust	1
alexandrelenz/funregulation	1
alexanian/uwaterloo-igem-2015	1
alexcritschristoph/qiime16stutorial	1
alexdonath/gappy	1
alexhuszagh/python-for-biologists	1
alexischr/seurat	1
alexkolar/wooey	1
alexorlek/mobtyping	1
alexpreynolds/kmer-counter	1
alexsafatli/pylogeny	1
alexviiia/domstratstats	1
alexviiia/dpuc2	1
alexviiia/randprot	1
alexwixom/compskillsf16	1
alfanick/sbh-alternating	1
alfq/alfq	1
algebraicphylogenetics/empar	1
algebraicphylogenetics/empar_paper	1
alggeometry-algstatistics-phylogenetics/empar	1
algolab/bwt-lcp-em	1
algolab/pygfa	1
algorun/algorun	1
alheliou/circrna	1
alitvteam/alitv-perl-interface	1
alk224/akutils	1
alk224/akutils-v1.1.1	1
alk224/qiime_test_data_16s	1
alkapart/qb2017_partee	1
allanroscoche/bigvelvet	1
allenday/adam	1
allenday/express	1
allendecid/dnacomp	1
alneberg/sillymap	1
alorchhota/bioinformatics-algorithms-1	1
altemose/prdm9-map	1
aluriak/needlemanwunsch	1
alvaroabascar/moltbe	1
amanzanom/primescaff	1
amathelier/dnashapedtfbs	1
ameenetemady/deeppep	1
amethyst-asuka/gcmodeller	1
aminmahpour/pyribbon	1
amjjbonvin/haddocking.github.io	1
amnona/deblur	1
amojarro/carrierseq	1
ampinzonv/biobash	1
amplab/smash	1
amplab/snap	1
amwenger/igv	1
amyrisinc/gslc	1
amyrisinc/gslcore	1
ananasassembler/ananasassembler	1
anaphory/p4-phylogeny	1
anbyew/customized-centrifuge	1
andersenlab/vcf-kit	1
andersenlab/vcf-toolbox	1
andersgs/dnabarcodes	1
andersgs/kraken-trawl	1
andersjacobsen/mirmaid	1
anderspitman/gregcaporaso.github.com	1
andre-tan/emmail	1
andre-tan/pincer	1
andreasheger/pairsdb	1
andreasheger/radar	1
andreasprlic/biojava	1
andrejbranch/pyigblast	1
andrejcl/jcl	1
andrejpan/bioinformatic_documentation	1
andrew-quinn/rosalind-exercises	1
andreweskeclarke/bioinformatics_assignment	1
andrewguy/biostructmap	1
andrewjpage/assembly_improvement	1
andrewjpage/bio-ena-datasubmission	1
andrewjpage/bio-metagenomics	1
andrewjpage/bio-pequeno	1
andrewjpage/bio-tradis	1
andrewjpage/gubbins	1
andrewjpage/plasmidtron	1
andrewjpage/roary	1
andrewjpage/saffrontree	1
andrewjpage/vr-codebase	1
andrewmagerman/iconuk	1
andrewyatz/ehive_fastq_align	1
anilthanki/tgac-galaxytools	1
annashcherbina/fastqsim	1
annashcherbina/sherlockstoolkit	1
annkupi/picard	1
antgonza/qiime	1
antgonza/qiita	1
antgonza/wgs-hgt	1
antisunny/snpgenie	1
antlr/grammars-v4	1
antworteffekt/eden	1
aolsthoorn/allergenen_pijplijn	1
apeltzer/vcf2genome	1
apiaceae/biopython	1
appliedbioinformatics/bionanoanalyst	1
appliedbioinformatics/runbng	1
applinet/ar.com.peesea	1
apregier/genome	1
aquaskyline/10xreadssimulator	1
arabidopsis-information-portal/gag	1
arabidopsis-information-portal/intermine	1
arabidopsis-information-portal/jbrowse	1
arabidopsis-information-portal/ntseq	1
arasuarun/shogun	1
aravindvrm/bnfo	1
argriffing/hmmus	1
arlissc/phageparser	1
armbrustlab/seastar	1
arnie97/k-mer	1
arq5x/bedtools	1
arq5x/bedtools2	1
arq5x/poretools	1
artbio/tools-artbio	1
arteymix/axiome	1
arthuryxt/acfs2	1
arthuryxt/mirgrep	1
artpoon/kamphir	1
artrand/cpecan	1
artrand/signalalign	1
arvestad/fastphylo	1
aryeelab/guideseq	1
asafpr/pro_clash	1
asafpr/rilseq	1
asaim/galaxytools	1
asaim/tools-iuc	1
asherkhb/coge	1
ashleyacevedo/cirseq	1
ashworthcodemonkeys/talks	1
asishallab/selectionanalysesr	1
asmmhossain/pycomet	1
asntech/jaspar	1
astanabe/claident	1
aswarren/p3_api	1
aswarren/p3_web	1
atcg/ambystomacapture	1
atcg/ctsprobes	1
atcg/frogpipe2	1
athemis/charm	1
atingoldy/cd-search	1
atks/vt	1
atmosx/dogma	1
attayeb/qanaus	1
atztogo/phonopy	1
audy/barcode-generator	1
audy/lederhosen	1
audy/nearproteins	1
ausmeyer/hiv_structural_determinants-paper-now	1
autoinducer/snippy	1
averagehat/bio_pieces	1
averagehat/samtools	1
averagehat/seqr_hackathon_v002	1
avoorhis/mbl_sequencing_pipeline	1
avoorhis/vamps-node.js	1
avsecz/concise	1
aweimann/traitar	1
awitney/2017	1
axelb03/craig	1
axve/denovogpu	1
aylingm/metacortex	1
ayoshiaki/tops	1
azamyahya/shogun	1
aziele/alfpy	1
b-brankovics/grabb	1
b-ummi/innuca	1
b-ummi/rematch	1
backofenlab/docker-galaxy-graphclust	1
baconkwan/perl_programme	1
baezortega/mutree	1
baezortega/muttree	1
bakedintime/bioalignment	1
baliga-lab/cmonkey2	1
baliga-lab/weeder_patched	1
bangl/webmin	1
banshanren/pse-in-one-2.0	1
baoxingsong/annotationliftover	1
bardin-lab/readtagger	1
barricklab/breseq	1
barricklab/ltee	1
barros-jf/gsm	1
bartosz-kozak/sample-script	1
basverb/seqstats	1
batermj/algorithm-challenger	1
batrick/cctools	1
bawee/seqfindr-2013	1
bayolau/seqan	1
bbarker/polyalign	1
bbcf/bbcflib	1
bcthomas/pullseq	1
bd2kgenomics/slugflow	1
bdearlove/pangea-round2	1
bdi-pathogens/phyloscanner	1
beast2-dev/codonmodels	1
beatsonlab-microbialgenomics/seqfindr	1
bebatut/bioconda-recipes	1
beckresearchlab/homologydocking	1
bede/kindel	1
bede/sparna	1
bede/tictax	1
beebbenjamin/mrpipeline	1
beetl/beetl	1
beiko-lab/ananke	1
beiko-lab/timeclust	1
benaroyaresearch/bripipetools	1
bendmorris/make_tutorial	1
bene200/biojs-vapor	1
benedictpaten/cpecan	1
benedictpaten/marginalign	1
benedictpaten/marginphase	1
beni55/ntseq	1
benja0x40/mimb.4c	1
benjamin-lee/codonadaptationindex	1
benjjneb/dada2	1
benjsmith/mubiomics	1
benkaehler/q2-feature-classifier	1
benkaehler/short-read-tax-assignment	1
benlangmead/bowtie2	1
benlangmead/comp-genomics-class	1
benranco/snppipeline	1
besser82/shogun	1
best-practices-in-bioinformatics/basic	1
bestrauc/seqan	1
beyondthesky/bssim	1
bfrgoncalves/online-phyloviz	1
bgossage/biotunes	1
bgruening/eden	1
bgruening/galaxy-bgisoap	1
bgruening/galaxy_tools	1
bicycle1885/fmm.jl	1
bigdatagenomics/adam	1
bigdatagenomics/mango	1
bihealth/hlama	1
bikash/guacamole	1
bilab/tools	1
billzt/primer	1
billzt/primerserver	1
bils/gaas	1
bimbam23/tools-iuc	1
bimsbbioinfo/bioconda-recipes	1
bio-diku/bioio	1
bio-diku/butt	1
bio-diku/klust	1
bio-diku/seqscan	1
bio-miga/miga	1
bio4j/data.uniprot	1
bioboxes/command-line-interface	1
biocoder/cpc	1
biocoder/mtrna-seq	1
biocommons/hgvs	1
bioconda/bioconda-recipes	1
bioconda/recipes	1
biocore/american-gut	1
biocore/deblur	1
biocore/micronota	1
biocore/microprot	1
biocore/qiime	1
biocore/qiita	1
biocore/scikit-bio-presentations	1
biocore/sortmerna	1
biocore/wgs-hgt	1
biocryst/if	1
biocyberman/bcbio-nextgen	1
biodag/odysseys	1
biodataprog/programming-intro	1
biodec/biocomp.pscoils	1
biof-309-python/biof309-2016-fall	1
biofilos/biofilos.github.io	1
biogo/boom	1
biogo/hts	1
biogo/talks	1
bioh4x/neatfreq	1
bioinf-biotec/labs_bioinf	1
bioinf-dormanm-com/lam_red	1
bioinf/cellulases	1
bioinf/sibelia	1
bioinfinio/seqmagick	1
bioinfo-center-pasteur-fr/fasta-rename	1
bioinfo-center-pasteur-fr/fastaextract	1
bioinfo-center-pasteur-fr/python-course-1	1
bioinfo-center-pasteur-fr/python-solutions-1	1
bioinfo-center-pasteur-fr/seqexclude	1
bioinfo-center-pasteur-fr/toppred	1
bioinfo-core-bgu/neatseq-flow_modules	1
bioinform/somaticseq	1
bioinform/varsim	1
bioinformatica-corso/2014-15	1
bioinformatica-corso/elementi-bioinformatica	1
bioinformatica-corso/lezioni	1
bioinformatics-centre/asmvar	1
bioinformatics-support-unit/transcriptome_quantification	1
bioinformatika/massprot	1
bioinformed/pysam	1
bioinfotools/bsvf	1
bioinfud/k-merscl	1
bioinfweb/libralign	1
biointec/brownie	1
biointec/omsim	1
biojava/biojava	1
biokit/biokit	1
bioliyezhang/kpaf_codes	1
biomadeira/pycma	1
biomojo/biomojo	1
bionf/phyloprofile	1
bionf/revolver	1
bionode/bionode-fasta	1
bionode/bionode-ncbi	1
bioops/mtnod	1
biorover/magot	1
bioscala/bioscala	1
bioseq/genetics-of-race-analysis	1
bioseq/genetics-of-race-mac-app	1
bioseq/gor-commandline	1
bioteam/diya	1
biotechnologe/cell-cycle-on-c1	1
biowonks/bitkpy	1
birl/spectrum	1
bjornfjohansson/pydna-examples	1
bjornwallner/proq2-server	1
bjpop/biotool	1
bkahlert/seqan-research	1
blab/nextflu	1
blab/nextstrain-augur	1
blab/stability	1
blahah/snap	1
blahah/tgac-2014-genome-annotation	1
blahah/transrate	1
blaiseli/p4-phylogenetics	1
blajoie/vcf2fasta	1
blankclemens/tools-iuc	1
blankenberg/bioconda-recipes	1
blankenberg/tools-iuc	1
blaxterlab/blobology	1
blaxterlab/interproscan-docker	1
bleekerlab/project20accessions	1
bleekerlab/solanum_srnas	1
blobbybirdman/mrpc_mxanthus	1
blt2114/gen_snacks	1
bluegenes/makemytranscriptome	1
bluegenes/misc_scripts	1
bmajoros/ace	1
bmatern/punkin-chunker	1
bmpvieira/geefutu	1
bmvdgeijn/wasp	1
bnbowman/hlatools	1
bnbowman/pbhml	1
bnbowman/srsli	1
bneron/imogene	1
bochaozhang/conservedidentification	1
bolt64/my_code	1
bonsai-team/dinamo	1
bonsai-team/matam	1
boratonaj/htseq-copy	1
boris-noyvert/tidyvar.m	1
borisz264/mod_seq	1
bornea/apostl	1
boscoh/inmembrane	1
bosiaf/mater_thesis	1
bosingerlab/baldr	1
boussau/prunetreegivenalignment	1
boutroslab/crispranalyzer	1
bovee/needletail	1
bow/bioconda-recipes	1
bowenanthony/ig_motif	1
bowhan/bowtie2	1
bowhan/pipipes	1
boyangzhao/cphos	1
bpervan/wavelet-rrr	1
bpollakw/codonizer	1
bpollakw/jenova	1
braembl/gc-blast	1
brainstorm/tiny-test-data	1
bramsnoek/bioinformatics_education	1
brantfaircloth/msatcommander	1
bredelings/bali-phy	1
brendandc/multilingual-google-image-scraper	1
brendanofallon/pysam	1
brendelgroup/aegean	1
brendelgroup/movrs	1
brendelgroup/xgdbvm	1
brennanpincardiff/rforbiochemists	1
brentp/bwa-meth	1
brentp/faidx	1
brentp/goleft	1
brettin/vagrant_builds	1
brettin/workspace	1
brianbeliveau/oligominer	1
bricobio/bricobio-website	1
briney/abstar	1
briney/abtools	1
briney/env-analysis	1
briney/identity-divergence	1
briney/seqtools	1
broadinstitute/cromwell	1
broadinstitute/gamgee	1
broadinstitute/gatk-dataflow	1
broadinstitute/gatk-protected	1
broadinstitute/hellbender	1
broadinstitute/picard	1
brodyberg/learnhaskell	1
brohammer/idp_markers	1
bros-bioinfo/bros-bioinfo.github.io	1
browtayl/cs446-net-comp-bio	1
brugger/easih-thunderpants	1
brugger/python-play	1
brummett/genome	1
brunnerp/pythonfachkurs	1
brwnj/fastedit	1
brwnj/hundo	1
bryanbriney/env-analysis	1
bryanbriney/identity-divergence	1
bryanbriney/seqtools	1
bryanjjones/pyconsensusfinder	1
bschiffthaler/fastxio	1
bsjcho/bioinf	1
bsmr/fyre	1
budach/seqan	1
bugs-bioinf/satta-2016	1
bunop/isochorefinder	1
bunop/isosegmenter	1
burntsushi/c_cablastp	1
burntsushi/cablastp	1
burntsushi/suffix	1
burun/python-for-genomic-data-science-2015-coursera	1
bushmanlab/intsitecaller	1
buske/padlock-pipeline	1
buttonwood/bioinformatics	1
bvalot/panisa	1
bvenn/biofsharp	1
bxlab/bx-python	1
bxlab/hifive_paper	1
byucsl/gnumap	1
c-automate/sequence-editing-helpers	1
c-zhou/polygembler	1
c2-d2/disty	1
c2b-cirad/formation-linux-cluster	1
c3bi-pasteur-fr/fasta-rename	1
c3bi-pasteur-fr/fastaextract	1
c3bi-pasteur-fr/python-course-1	1
c3bi-pasteur-fr/python-solutions-1	1
c3bi-pasteur-fr/seqexclude	1
c3bi-pasteur-fr/toppred	1
c4goldsw/shogun	1
caballero/rnaseq-pi	1
cacconelabyale/snakemake-pipelines	1
caglar10ur/anvio	1
calico/basenji	1
camillescott/barf	1
camillescott/boink	1
camillescott/ucd-ecs253	1
cancerit/ascatngs	1
cancerit/caveman	1
cancerit/cgpbigwig	1
cancerit/cgppindel	1
cancerit/cgpvcf	1
cancerit/grass	1
cancerit/trafic	1
cancerit/vafcorrect	1
cancerit/vagrent	1
caporaso-lab/mockrobiota	1
caporaso-lab/short-read-tax-assignment	1
caporaso-lab/tax-credit	1
capsiddb/capsiddb	1
cariaso/vcftools	1
cariaso/zebraguide	1
carldeboer/amused	1
carlinho89/pp2_didomenico_gigantiello_krishnamurthy	1
carlo-deintinis/circhunter	1
carlobaldassi/fastaread.jl	1
carlosp420/pyphylogenomics	1
carlosurda/coursera-especializacion-programacion-en-java-una-introduccion-al-software	1
carolinux/pysam	1
carpem/galaxydocker	1
carroll-lab/scram	1
cartoonist/gcsa-locate	1
carushi/reactidr	1
cathalgarvey/fastac	1
catkira/seqan	1
catterbu/receptormarker	1
cbaba20/localisationofschool	1
cbcrg/bengen	1
cbcrg/grape-nf	1
cbcrg/mta-nf	1
cbcrg/piper	1
cbcrg/piper-nf	1
cbg-ethz/primerid	1
cbibunab/tutorials	1
cbmckni/power8-gem	1
cboursnell/clustemble	1
cboursnell/recipsnpfinder	1
cboursnell/samtools	1
cboursnell/transrate	1
cbtolson/ensemblerna_package	1
cbun/assembly	1
ccmbioinfo/mugqic_pipelines	1
ccwang002/2016talk-genomics-in-r	1
cdawei/shogun	1
cdcgov/amd	1
cdcgov/microbetrace	1
cdeanj/nextflow-template	1
cdiener/microbiome	1
ceg-icrisat/raspberry	1
cerebis/meta-sweeper	1
cesaregruber/ebola-fishermen-clade	1
cesaro/dpu	1
cfe-lab/kive	1
cfe-lab/micall	1
cfe-lab/umberjack	1
cfjhallgren/shogun	1
cgatoxford/bioconda-recipes	1
cgroza/seqalign	1
cgu-certh/pathtrace	1
chaelir/bamsurgeon	1
chamaelj/tools-artbio	1
channsoden/hannsoden-bioinformatics	1
chapmanb/bcbio-nextgen	1
chapmanb/bioconda-recipes	1
chapmanb/cwltool	1
charite/q	1
charles-plessy/cell-cycle-on-c1	1
charles-plessy/clonotyper	1
charleszheng44/cctools	1
charlottengs/ngssim	1
chengchenzhao/drseq2	1
chenh1gis/made	1
chenliangomc/dme2redist	1
chenmoshushi/shogun	1
chernan/popitam	1
chevrm/mrmuscle	1
chgibb/phat	1
chiajungchang/ihiw17	1
chibbargroup/centralrepository	1
chichaumiau/rna-puzzzles_format	1
childsish/lhc-python	1
chilleo/alpha	1
chipster/chipster	1
chiyang/elrm	1
chloroextractorteam/chloroextractor	1
chloroplastkb/chloroplastkb	1
choderalab/ensembler	1
choener/biobasefasta	1
chris7/cutadapt	1
chris7/django-djangui	1
chrisaac/codonxchange	1
chrisamiller/genome	1
chrisamiller/netchopscraper	1
chrislanderson/2016_anderson_et_al_jam	1
chrislanderson/2016_anderson_et_al_jam_acclimation	1
chrislanderson/2016_xie_et_al	1
chrisnorman/bioscala	1
christian-b/galaxy_shedtools	1
christopher-gillies/vcfcommandlinetools	1
christophertbrown/irep	1
chrovis/clj-bwa	1
chrovis/cljam	1
chrovis/libbwa	1
chrovis/varity	1
churchill-lab/g2gtools	1
churchlab/millstone	1
churchlab/optmage	1
churchlab/vdj	1
cidarlab/mage-editor	1
cidarlab/magelet	1
cignite/seqalign	1
cinquin/mutinack	1
cjfields/bioperl6	1
cjfields/p6-bio-htslib	1
cjlee112/pygr	1
cjmathy/ann_bmi203	1
cjprybol/neurospora_bsa_mutation_mapper	1
ckockan/tardis_core	1
claudiuskerth/phdthesis	1
clemsonrsrg/resolve	1
cliburn/sta-663-2017	1
climatecascade/antsnps	1
clinical3po/platform	1
clody23/mtoolbox	1
cmccoy/codon-sw	1
cmccoy/fit-star	1
cmccoy/ighutil	1
cmhill/valet	1
cmnbroad/hadoop-bam	1
cmunk/protwis	1
codegit/sequenceimp	1
cokelaer/bioconda-recipes	1
col-iu/grasper	1
col-iu/transgenescan	1
col-iu/xlsearch	1
colelyman/kleuren	1
colford/nbgw-plant-illumina-pipeline	1
colin-combe/clms-model	1
colin-combe/crosslink-viewer	1
colinbrislawn/bioconda-recipes	1
color/clrsvsim	1
combine-lab/rapmap	1
combogenomics/contiguator	1
combogenomics/medusa	1
commitcollective/bwinf-releases	1
common-workflow-language/common-workflow-language	1
common-workflow-language/cwltool	1
compbiol/camsa	1
compevol/bacter	1
compevol/multitypetree	1
compmetagen/strainest	1
comprna/mosea	1
computationalbiology/nplb	1
computationalsystemsbiology/exoprofiler	1
computbiolgeek/seq_utils	1
cookkate/rnascan	1
cookykmx1987/coursecomparativemethods	1
costeapaul/samtools_custom	1
counsyl/hgvs	1
cprybol/neurospora_bsa_mutation_mapper	1
craiglowe/copynumberdiff	1
craiglowe/gonomics	1
crakenotsnowman/biolibrary	1
cran/alfq	1
cran/cubfits	1
crazyhottommy/bds-files	1
crazyhottommy/scripts-general-use	1
crespyl/rust-rosetta	1
crf1111/bio-informatics-learning	1
crg-barcelona/dinuc	1
crg-barcelona/symcurv	1
crosenth/bioy	1
crosslinks/xlinkanalyzer	1
crr0004/rust-rosetta	1
crs4/blast-python	1
crs4/seal	1
crukci-bioinformatics/galaxy	1
crukci-bioinformatics/mga	1
cruorvolt/mu_bbmap	1
csb-book/csb	1
csb-toolbox/csb	1
csbiology/biofsharp	1
csbiology/biofsharp.mz	1
csc-training/python-introduction	1
cschu/fortuna	1
cseed/hail	1
csglab/rcader	1
csgreater-developers/hmc-grader	1
cshinaver/cctools	1
csw/bioruby-maf	1
ctb/2014-streaming	1
ctb/paircomp	1
ctb/pygr	1
ctb/shotmap	1
ctberthiaume/keggannot	1
ctlife/2ndgs_pipelines	1
ctskennerton/16s-rrna-orientation	1
ctskennerton/biosql-extensions	1
ctskennerton/crass	1
ctskennerton/fxtract	1
ctskennerton/minced	1
ctskennerton/msaview	1
curiousguy13/shogun	1
curoverse/common-workflow-language	1
curoverse/l7g	1
cuttlefishh/emp	1
cvmfs/cctools	1
cvn001/codonpy	1
cwhelan/cloudbreak	1
cyberjasse/sequencer	1
cybersiddhu/biogo.boom	1
cyenyxe/bcftools	1
cyenyxe/opencga	1
cypridina/glotk	1
cyprus91/dissertation	1
cyrusmaher/mosaic	1
cyverse/cyverse-sdk	1
dacb/ba2r	1
dacb/bcutil	1
dacb/engines_for_biology	1
dacb/pdqblast	1
daerdemandt/learning-bioinformatics	1
daftano/dl-learner	1
dahak-metagenomics/dahak	1
daisieh/validatemyfile	1
daler/bioconda-recipes	1
daler/gffutils	1
daler/pysam	1
danbuchan/cache_server	1
dangeles/wormfiles	1
daniaki/enrich2	1
daniel0128/receptormarker	1
danielhoffmann32/alignmentstatistics.jl	1
danielhyduke/protter	1
danielparton/ensembler	1
danking/hail	1
danknights/csci5481-2015	1
danknights/otusearch	1
danmaclean/bioruby-gngm	1
danmaclean/bioruby-synreport	1
danmaclean/h_pseu_analysis	1
dannon/pysam	1
danos2000/phageassembler	1
danshea/moazedlab	1
dansondergaard/tmhmm.py	1
dapid/stockholm_reformat	1
dapregi/cellbase	1
darcyabjones/mcl-to-kaks	1
darencard/contigannotator	1
dariober/asciigenome	1
dariober/bwa-meth	1
dariogf/scbi_fqbin	1
darrenjparker/fasta_tools	1
dasallfolks/hgvs	1
daslab/ribodraw	1
data-integration-practicum/data-integration-practicum-terminator-prediction	1
datafusion4netbio/paper15-tsk	1
datasnakes/datasnakes-scripts	1
dave-the-scientist/figmop	1
davebx/hisat	1
davebx/tools-iuc	1
davek44/basset	1
davek44/scimm	1
davetang/learning_docker	1
davhum/mirspring	1
david-j-r/rosalind-solutions	1
david-joy/bmi203-final	1
david-juan/chromdet	1
david4096/ga4gh-server	1
davidadamsphd/hellbender	1
davidcain/bionf-talk	1
daviddao/biovis-webservice	1
daviddliu/theta_luigi	1
davidemms/orthofinder	1
davidhwyllie/bugmat	1
davidhwyllie/findneighbour2	1
davidmatten/fasta_tools	1
davidmatten/fastatools	1
davidrglass/antidengue	1
davidsoergel/sequtils	1
davidt/fyre	1
davidwilson-85/easymap	1
daviortega/bitk3	1
davised/seqio_extract	1
dawenx/p3_web	1
dawneve/bio_scripts	1
dbaileychess/csmsl	1
dbcls/dbcls-galaxy	1
dbolser/ensembl-variation	1
dboudour2002/musichmmer	1
dboudour2002/musichmmr	1
dc23/plumbing	1
dcchivian/kb_assembly_compare	1
dcchivian/kb_hmmer	1
dcchivian/kb_util_dylan	1
dcchivian/kb_vsearch	1
dcgenomics/hassl_homogeneous_analysis_of_sra_rnasequencing_libraries	1
dcgenomics/rnaseq_domain_diffs_seqr_hackathon_v002	1
dcgenomics/rnaseq_mapping_hackathon_v002	1
dcgenomics/seqr	1
dcolligan/server	1
ddofer/profet	1
debian/bedtools2	1
declancrew/lc_ms_ms_search	1
decodegenetics/chopbai	1
decodegenetics/graphtyper	1
deepakunni3/sequenceserver	1
deepalivasoya/mhcihaplocaller	1
deepchem/deepchem	1
deeplearning4bioseqtext/paper12-plosone-deepproteinmultitasktagging	1
deeplearning4bioseqtext/paper15-tsk	1
dejak/olc-overlapping	1
dellytools/delly	1
delphine-l/tools-iuc	1
demis001/addlinkersequence	1
demis001/bio_pieces	1
deneflab/microbemiseq	1
deneflab/verruco	1
denglab/seqsero	1
denglab/seqsero2	1
depamphilis/planttribes	1
deprekate/readmapper	1
depthgr8/nnonpeptides	1
deric/clueminer-fixtures	1
deskgen/dgparse	1
detrout/htseq	1
developerdemetri/zoophy-ui	1
deweylab/rsem	1
dfporter/peakcaller	1
dgiovannelli/practical_bioinformatic	1
dib-lab/kevlar	1
dib-lab/khmer-testdata	1
dictybase/migration-data	1
diegozea/adaywithjulia	1
diegozea/mitos-benchmarks	1
diekhans/ga4gh-server	1
dikaiosune/parasail-sys	1
ding-lab/msisensor	1
dipakboyed/hiddenmarkovmodel-viterbi	1
dipakboyed/proteincodinggenes	1
diriano/ploidyngs	1
discvrseq/discvrseq	1
dittmarlab/hgtector	1
djhaskin987/fireflyassembler	1
djhshih/hts-fetch	1
djhshih/mnrf	1
djhshih/muscle-nix	1
djhshih/wdl-canales	1
djparente/mars	1
dkj/npg_irods	1
dkoppstein/recipes	1
dkoslicki/cmash	1
dlaehnemann/bcftools	1
dleehr/common-workflow-language	1
dleehr/cwltool	1
dlrice/shabam	1
dmachi/p3_web	1
dmaticzka/bctools	1
dmaticzka/bioconda-recipes	1
dmaticzka/eden	1
dmaticzka/graphprot	1
dmaticzka/misc_scripts	1
dmccloskey/sbaas_resequencing	1
dmnfarrell/epitopemap	1
dmnfarrell/gordon-group	1
dmnfarrell/mhcpredict	1
dmnfarrell/mirnaseq	1
dmnfarrell/mirseqapp	1
dmnfarrell/smallrnaseq	1
dnanexus-rnd/vg	1
dnanexus/pindel	1
dnanexus/rseqc	1
dnanexus/tophat_cufflinks_rnaseq	1
dnasko/dna_pola_762_caller	1
dnbaker/emp	1
dnbh/emp	1
dnbuckley/cread_in_progress	1
doerlbh/indie-nextflu	1
dohalloran/phylo-node	1
dohalloran/primerview	1
domagojb/bioinf-layout	1
dombennett/pg-lt	1
domibel/iontorrent-variantcaller	1
domste/plextest	1
dondelelcaro/samtools	1
dongwon-lee/lsgkm	1
dopefishh/mc1516pa	1
dorbarker/innuca	1
dotdotdotpaul/bio-ensembl	1
dotnetbio/bio	1
douglasgscofield/jmers	1
douglasgscofield/seqtools-4.28	1
dparks1134/biolib	1
dparks1134/chameleon	1
dparks1134/communitym	1
dparks1134/unitem	1
dpryan79/methindelrealigner	1
dpryan79/tools-iuc	1
drakipovic/de-brujin-graph	1
drcgw/ipython-big-data	1
drhee/toxomine	1
driscollmml/keggerator	1
drl/blobtools	1
drl/blobtools_manuscript	1
drl/kinfin	1
drmaize/thermoalign	1
drosofff/tools-artbio	1
drpowell/alignment_prob	1
drpowell/biotool	1
druvus/snakemake-workflows	1
dstruck/comet-paper-scripts	1
dswann5/computational_genomics	1
dtklinh/interface_prediction_dca_crf	1
dufeiyu/genome	1
dunarel/dunphd-thesis	1
duolinwang/musitedeep	1
dvianello/mtdna-utils	1
dvitsios/mirmod-pipeline	1
dwinter/accumulate	1
dworkinlab/chandlercharitackdworkin2014	1
dzerbino/oases	1
dzerbino/velvet	1
eamag/bio6a6t	1
eatingcrispr/virtualeating	1
ebelter/genome	1
ebi-metagenomics/emgapi	1
ebiggers/fragment-string-graph-assembler	1
eblume/tiger-lily	1
ebolyen/q2d2	1
eclarke/swga	1
eco32i/biodata	1
eco32i/keds	1
eco32i/pyrnafold	1
eco32i/rpos	1
ecogenomics/bamm	1
ecogenomics/gtdbtk	1
ecological-and-evolutionary-genomics/eeg2016	1
edawson/gfakluge	1
edawson/rkmh	1
edgraham/binsanity	1
edm1/error-aware-demultiplexer	1
edponce/filterfasta	1
eds-uga/cbio4835-sp17	1
eduardo-alves/predsi	1
edwardsnj/rmidb2	1
eead-csic-compbio/bioinformatica_estructural	1
eead-csic-compbio/chloroplast_assembly_protocol	1
eead-csic-compbio/metagenome_pfam_score	1
egafni/simpleassembler	1
egenomics/micomba	1
eggzilla/blasthttp	1
eggzilla/rnalien	1
eichlerlab/icas	1
eichlerlab/pacbio-protocols	1
ejfresch/saturnv	1
ekaakurniawan/bioinformatics-tools	1
ekalosak/server	1
ekg/fastahack	1
ekg/freebayes	1
ekg/hhga	1
ekg/vcflib	1
ekg/vg	1
ekopylova/deblur	1
ekopylova/sortmerna	1
ekrell/evaluatesap	1
eldeveloper/qiime	1
eldeveloper/qiita	1
elfrouin/transcriptm	1
elkeschaper/tral	1
elkingtonmcb/doudna_lab	1
elkingtonmcb/shogun	1
elofssonlab/topcons2	1
elsiklab/intermine	1
elsiklab/sequenceserver	1
elwynwang/remc	1
embrietteh/american-gut	1
emckee2006/biojava	1
emepyc/ngsfy	1
emjosephs/phs-outreach	1
emlec/pbrandomreads	1
emmahodcroft/cluster-picker-and-cluster-matcher	1
enasequence/sequencetools	1
encode-dcc/chip-seq-pipeline	1
encode-dcc/dna-me-pipeline	1
encode-dcc/pipeline-container	1
endrebak/epic	1
enormandeau/intro_linux_raq	1
enormandeau/mapcomp	1
enormandeau/mreps_workflow	1
enormandeau/stacks_workflow	1
enormandeau/trinity_pipeline_ibis	1
ens-lgil/ensembl-rest	1
ensembl/bio-hts	1
ensembl/ensembl	1
ensembl/ensembl-hive	1
ensembl/ensembl-pipeline	1
ensembl/ensembl-variation	1
ensembl/faidx_xs	1
ensembl/treefam-webcode	1
ensemblr/llvm-project-boilerplate	1
envgen/barm_web_server	1
envgen/cookiecutter-binning-project-demo	1
enzoandree/geco	1
epam/ngb	1
eparker05/peptideextractor	1
eppinglen/seroba	1
epruesse/megahit	1
epruesse/phyloflash	1
epruesse/ymp	1
erasche/biojs-io-xmfa	1
erasche/biojs-vis-xmfa	1
erasche/jbrowse	1
erasche/python-apollo	1
erasmusmc-bioinformatics/galaxytools-emc	1
ericmjl/flu-gibson	1
ericmjl/flu-sequence-predictor	1
ericmjl/genotype-network	1
ericmjl/h9-pb2-global-analysis	1
ericmjl/h9n2	1
ericmjl/hiv-resistance-prediction	1
ericmjl/influenza-global-reassortment	1
ericmjl/influenza-reassortment-analysis	1
ericmjl/nnet-ha	1
ericmjl/polymorphism-sampler	1
ericmjl/protein-systematic-characterization	1
ericmjl/reassortment-minto-life-history	1
ericmjl/reassortment-simulation-and-reconstruction	1
ericmjl/scikit-learn-tutorial	1
ericmjl/systems-microbiology-hiv	1
erictu/adam	1
erikvdbergh/bfg	1
erikvolz/idepi-ev0	1
ernfrid/genome	1
eschwert/dl-learner	1
eseiler/daisy	1
esmil/go-fasta	1
esprit-nobel/clean_fasta.py	1
esteinig/shinygenes	1
estolle/ngopt	1
etabari/porthomcl	1
etal/biocma	1
etal/cladecompare	1
etal/fammer	1
etetoolkit/ete	1
etheleon/pass	1
ethering/genomehelper	1
ettwiller/trawler	1
eureka22/bandage	1
evansenter/hermes	1
ever891020/inmunejava	1
everestial/g2gtools	1
evidencemodeler/evidencemodeler	1
evocell/rec	1
evoldoers/historian	1
evolegiolab/findingori	1
evolvedmicrobe/bwa-sharp	1
ewijaya/ngsfeatures	1
extnd/examples	1
eyermann/computational-biology	1
f1000research/khmer	1
faang/faang-format-transcriber	1
faang/faang-methylation	1
faang/genome-signal-tracks	1
faang/reference_data_builder	1
fabianegli/jpred-big-batch-submission	1
fabianfrancoroldan/scythe	1
fabriziocosta/eden	1
fabriziocosta/eden_examples	1
fabriziocosta/edenseq	1
fabriziocosta/graphlearn_examples	1
fabriziocosta/pymotif	1
fabsta/hieranoid	1
fabsta/hieranoid2	1
fangly/minced	1
farhat/gephcort	1
fastmlc/fmlc	1
fatperlhacker/queryable-rna-seq-database	1
fbreitwieser/card-krakendb	1
fbristow/denovo-qassembler	1
fbvarela/mirnaplatformpredict	1
felipelouza/egsa	1
felipelouza/sacak-lcp	1
felixeye/pipelinengs	1
felixfeyertag/trogen	1
felixgrewe/map_n_extract	1
felixkrueger/bismark	1
feltus/osg-gem	1
fenderglass/abruijn	1
fenderglass/ragout	1
fenyolab/pgx	1
fephyfofum/phyx	1
fephyfofum/pyphlawd	1
ferbioinformaticsbloomfilterteam/bloom-filter-implementation	1
fernandolab/2016_xie_et_al	1
fgcz/protviz	1
fhcrc/ampliconnoise	1
fhcrc/deenurp	1
fhcrc/hyperfreq	1
fhcrc/mutgen	1
fhcrc/prepdrm	1
fhcrc/seqmagick	1
fhcrc/taxtastic	1
fiber-miniapp/ngsa-mini	1
fidelram/deeptools	1
fionakim/biojava	1
fishjord/gfclassify	1
fivejjs/fammer	1
fivejjs/pgmult	1
fjardon/motif	1
fjukstad/walrus	1
flavioc/ibmc-bio-db	1
flemingtonlab/public	1
flobay/pyomics	1
florianerhard/gedi	1
fmaguire/bayehem	1
fmaguire/edicer	1
fmaguire/ete	1
fmaguire/kat	1
fmichonneau/francoismichonneau.net	1
fnmartinez/bionifo	1
fnothaft/adam	1
fnothaft/ananas	1
fnothaft/hadoop-bam	1
fohebert/align_on_reference	1
fohebert/corset_pipeline	1
fohebert/orenil	1
forestbiotech-lab/mirpursuit	1
forestbiotech-lab/srna-workflow	1
forgit/rosalind	1
fortune9/cua	1
fpopic/bioinf	1
frank-y-liu/gatk	1
frankluebeck/gap	1
frankmusacchia/annocript	1
fred-2/fred2-apps	1
fred-2/optitype	1
frederic-mahe/frogs	1
fredericokremer/genix	1
freedesktop-unofficial-mirror/gstreamer-sdk__gtk-mac-integration	1
freesci/rgwips	1
frozflame/molbiox	1
fstrozzi/bioruby-ensembl	1
fsugenomics/tflow	1
fugufisch/hu_bp_python_course	1
fulcrumgenomics/fgbio	1
fungidb/fusarium	1
fungidb/onygenales	1
fushitarazu/bioparser	1
fusionworks/adam	1
fw1121/annot-nf	1
fw1121/assembly-stats	1
fw1121/drisee	1
fw1121/ete	1
fw1121/fastahack	1
fw1121/galaxy_tools	1
fw1121/hpg-aligner	1
fw1121/nextflu	1
fw1121/pandoras-toolbox-for-bioinformatics	1
fw1121/roary	1
fw1121/vsearch	1
fxb22/biogui	1
fxia22/bandage	1
g1o/trinityrnaseq	1
ga4gh/benchmarking-tools	1
ga4gh/compliance	1
ga4gh/server	1
gabaldonlab/redundans	1
gabeal/ninja-shi7	1
gabrieleandrea/megannotator	1
gadsbyfly/pybiomed	1
gagneurlab/concise	1
galaxy-genome-annotation/galaxy-tools	1
galaxy-genome-annotation/python-apollo	1
galaxy001/pirs	1
galaxycam/galaxy-intro	1
galaxyproject/tools-iuc	1
gangchen/cuhk-i2p	1
gantzgraf/bioperl-live	1
gaoce/ngs-tools	1
garmangroup/raddose-3d	1
garrettjenkinson/informme	1
gatb/discosnp	1
gatb/leon	1
gatb/mindthegap	1
gatb/short_read_connector	1
gatb/simka	1
gatoravi/dng_betabinomial_paired	1
gatoravi/genome	1
gatoravi/regtools	1
gatoravi/svviz	1
gaurav/taxondna	1
gavinfernandes2012/notacellsim	1
gazimahmud/adam	1
gbenison/fasta-utils	1
gblanchard4/viamics	1
gclenaghan/sieve	1
gcmodeller-cloud/gcmodeller-biostack	1
gdanetzk/compare_taxonomy	1
gditzler/bio-course-materials	1
gdko/cgp-scripts	1
ged-lab/khmer	1
geeklhem/shapecompare	1
geektoni/shogun	1
geekysuavo/ibp-ng	1
gem-pasteur/integron_finder	1
gem-pasteur/macsyfinder	1
gendatapro/pygr	1
genedesign/genedesign	1
geneticmapping/gsm	1
genetique/samstat	1
genialis/resolwe-bio	1
genialis/resolwe-bio-py	1
genome-traffic/redkmer-hpc	1
genome-vendor/apollo	1
genome-vendor/bcftools	1
genome-vendor/bowtie	1
genome-vendor/chimerascan	1
genome-vendor/r-bioc-rsamtools	1
genome-vendor/samtools0.1.18	1
genome-vendor/trinity	1
genome/arvados_trial	1
genome/cancer-genomics-workflow	1
genome/chimerascan-vrl	1
genome/genome	1
genome/pindel	1
genomeannotation/annie	1
genomeannotation/gag	1
genomeannotation/transvestigator	1
genomeannotation/yomama_old	1
genomecuration/genomecuration.github.io	1
genomematt/ambivert	1
genomematt/xenomapper	1
genomerik/tama	1
genomescale/starbeast2	1
genomicamicrob/mg_classifier	1
genomicscoreleuven/galaxy_tools	1
genomicscoreleuven/gbsx	1
genomicsltd/bcftools	1
genouest/biomaj	1
genouest/biomaj-download	1
georgeg/bioruby-dbla-finder	1
georgek/kat	1
geraldinepascal/frogs	1
gerberlab/mitre	1
gerco/webmin	1
germs-lab/arg-scripts	1
germs-lab/non-point-source-tracking	1
germs-lab/ref_soil	1
germs-lab/refsoil	1
geronimp/graftm	1
gersteinlab/alleledb	1
gersteinlab/excerpt	1
getopt/fasta_tools	1
gf712/abpytools	1
gglyptodon/tmp	1
ggrekhov/ugene	1
ghedin-lab/haplocorr	1
ghotiphud/rust-rosetta	1
gianlucacorrado/rnacommender	1
gibacci/o2tab	1
gifford-lab/cpgenie	1
gigascience/bgi-soap1	1
gigascience/galaxy-allpaths	1
gigascience/galaxy-bgisoap	1
gigascience/paper-luo2012	1
gigascience/paper-zhang2014	1
gis-rpd/pipelines	1
git-ingham/biomeasurecomparison	1
gitpan/app-mimosa	1
gitpan/bio-automatedannotation	1
gitpan/bio-interproscanwrapper	1
gitpan/bio-mlst-check	1
gitpan/bio-pangenome	1
gitpan/bio-pipeline-comparison	1
gitpan/bio-tradis	1
gitpan/bio_assembly_improvement	1
gitpan/bio_assemblyimprovement	1
gitpan/bio_mlst_check	1
gkc1000/pyscf	1
gkno/freebayes	1
gkno/seqan	1
gkno/vt	1
gkudla/hyb	1
glennhickey/hal2sg	1
glennhickey/tehmm	1
glennsb/multifasta	1
gleonov/pscodehpev	1
globz-eu/formalign	1
glormph/msstitch	1
gmap-fusion/gmap-fusion	1
gmcvicker/wasp	1
gmod/jbrowse	1
gmod/mimosa	1
gmoyerbrailean/pyrec	1
gnegri/wustl-bio5495-brent	1
gnestor/jupyter-renderers	1
go-bears/final-project	1
go-bears/gsoc_2015	1
godinlove/opdb	1
godotgildor/freebayes	1
godotgildor/igv	1
golikov-nik/metafast	1
gomezlab/exit	1
gonzalezvl/hydra-training-workshop-june-2015	1
gonzalezvl/microbial_metagenomics_workshop_ucla_2015	1
google-research/proteinfer	1
google/deepconsensus	1
google/deepvariant	1
googlecloudplatform/vertex-ai-alphafold-inference-pipeline	1
googlingthecancergenome/sv-callers	1
gordon-quad/misc-bio-tools	1
govinda-kamath/clustering_on_transcript_compatibility_counts	1
goyalsid/phageparser	1
gpertea/gffread	1
gpertea/stringtie	1
grabherrgroup/smorgas-proteins	1
graphanalytics/exampledatasets	1
greatfireball/alitv-perl-interface	1
greatfireball/hypsibius_genome_revised	1
greatfireball/porthomcl	1
greatfireball/proovread	1
greatfireball/run-utax	1
greenelab/gcb535	1
greenify/biojs-io-fasta	1
greenify/msa	1
greenleaflab/nucleoatac	1
gregcaporaso/gregcaporaso.github.com	1
gregcaporaso/q2-deblur	1
gregcaporaso/q2-vsearch	1
gregcaporaso/q2d2	1
gregcaporaso/qdr-issue14	1
gregcaporaso/qiime	1
gregcaporaso/scaling-octo-robot	1
gregcaporaso/short-read-tax-assignment	1
gregcaporaso/sketchbook	1
gregghelt2/apollo-test	1
gregoryfaust/yaha	1
gregorykucherov/mreps	1
gregvonkuster/bioconda-recipes	1
gregvonkuster/tools-iuc	1
grev-uv/hpg-methyl	1
griffithlab/regtools	1
grimidev/progetto-bioinformatica	1
grittyy/wdrr	1
grovesdixon/metatranscriptomes	1
grubbybio/pihsda	1
grubbybio/rnaseqtools	1
gschang/genome	1
gsunvecna/msa_annotate	1
gtamazian/cookiecutter	1
gtamazian/evolspace	1
gtcasl/gpuocelot	1
guan-jian-tao/kaspar_primer_deginer	1
guertinlab/seqoutbias	1
gui11aume/starcode	1
guigolab/grape-nf	1
guigotoe/hiss	1
guiguimartin/scaffhunter	1
guiguimartin/scaffremodler	1
guowei-he/bioconda-recipes	1
guyduche/blast2bam	1
guyduche/ntcontent	1
gvlproject/bioconda-recipes	1
gvlproject/tools-iuc	1
gwforg/gwf	1
gyper/gyper	1
h-2/seqan	1
haansi/greenvc	1
habedi/memcode-2012-hadoop	1
habiophysics/public	1
hackseq/2017_project_6	1
hackseq/october_2016	1
haddocking/haddocking.github.io	1
hadoopgenomics/hadoop-bam	1
hadrieng/insilicoseq	1
hadrieng/nanoflow	1
hail-is/hail	1
haimingt/treegrafting	1
hajkd/seqreadr	1
hall-lab/speedseq	1
hammer/maq	1
hammerlab/guacamole	1
hammerlab/mhcflurry	1
hammerlab/pyensembl	1
hammerlab/varlens	1
hammock-dev/hammock	1
hanfang/scikit-ribo	1
hannespetur/paw	1
hannespetur/seqanhts	1
hanxisun/myphast	1
happykhan/dryad-sa	1
hardingnj/bioconda-recipes	1
harry-thorpe/intergenic_selection_paper	1
harshinamdar/bds-files	1
harshinamdar/general	1
harshinamdar/vcftools	1
harta55/entap	1
hartwigmedical/hmftools	1
hartwigmedical/pipeline	1
hasclass0/webmin	1
haselofflab/marpodb	1
hassanamr/bioconda-recipes	1
haydnking/change-genbank-origin	1
haydnking/waistcoat	1
hchyang/csite	1
hchyang/phylovars	1
hdetering/discomark	1
hdzierz/variantanalysisfb	1
healthhackau2016/dnace	1
heartsh/prll-ri	1
hebing/fcat	1
heejungshim/bayescat	1
heibl/polenta	1
helensch/ensembl-rest	1
helgriff/mitocirco	1
henrikstranneheim/mip	1
hepcat72/cff	1
heqiaoliu/viral-dark-matter	1
hetica/bentools	1
hettling/phylo-primates-sim	1
heuermh/adam	1
heuermh/biojava	1
heuermh/biojava-adam	1
heuermh/contadamination	1
heuermh/dishevelled-bio	1
heuermh/flow	1
heuermh/nextflow	1
heuermh/ngs	1
hexpunk/exonerate-parallel	1
hickerlab/msbayes	1
hillerlab/cesar	1
hillerlab/cesar2.0	1
hillerlab/genomealignmenttools	1
hillst/rnamaker	1
hinthornw/suffixtree	1
hips/pgmult	1
hipstr-tool/hipstr	1
hirschhm/ciderseq	1
hjanime/2015-biogas-cebitec	1
hjanime/annocript	1
hjanime/bds-files	1
hjanime/cookiecutter	1
hjanime/gffutils	1
hjanime/rdputils	1
hjanime/scgc_scripts	1
hjellinek/compliance	1
hjellinek/server	1
hjmangalam/tacg	1
hkailee/fluseq	1
hlweil/biofsharp	1
hmc-cs-rkretsch/secondary-protein-structure	1
hmenager/common-workflow-language	1
hmeng-19/cctools	1
hng/biomolecularstructures.jl	1
hobi/bi-pyt	1
hodgesds/genecacher	1
hoffmann4/metamorpheus	1
hohenheim-nutrigenomics/galaxy-tools-nutrigenomics	1
holgerbrandl/scalautils	1
holmrenser/annotation_ci	1
holmrenser/holmrenser.github.io	1
holtgrewe/optitype	1
holtgrewe/pyhtslib	1
holtgrewe/seqan	1
home9464/abcgrid	1
homologus/pandoras-toolbox-for-bioinformatics	1
homonecloco/bioruby-samtools	1
homonecloco/samtools-ruby	1
hongbozhang0808/wsmd	1
hongguangguo/shogun	1
hongqin/sbio233	1
hongweihuo-lab/cs2a	1
horkko/biomaj	1
horkko/biomaj-postgres	1
hotdogee/exonerate-gff3	1
hottwaj/wooey	1
hoverbear/rust-rosetta	1
hpcbg/metaheuristic	1
hpchub/trinityrnaseq	1
hpctusofiaorg/clustalw2	1
hrgv/phyloflash	1
hrouault/imogene	1
hscpy/prot	1
hsharrison/open-source-science-workshop	1
hsinnan75/kart-rna	1
hsnajafabadi/rcade	1
htaghizadeh/persianstemmer-python	1
hublot/pbxplore	1
huddlej/msa_classifier	1
hugheslab/snpgenie	1
hugowschneider/longdist.py	1
humanlongevity/bcftools	1
hunter-cameron/bioinformatics	1
hurwitzlab/blast-pipeline	1
hurwitzlab/kmerizer	1
hydpy/hydpy-meetups	1
hyoo/p3_web	1
hyphaltip/cocci_repeats	1
hyphaltip/gen220_2015	1
hyphaltip/mtea	1
i5k-kinbre-script-share/irys-scaffolding	1
i5k-kinbre-script-share/read-cleaning-format-conversion	1
ialong/shogun	1
iamciera/go_enrichment	1
ibest/arc	1
ibest/seqyclean	1
ibestvina/realigner	1
ibharvey/sequencealignment	1
ibmc/prot_dev	1
iborko/fmindex	1
icaoberg/cellorganizer-galaxy-tools	1
icarpa-tblab/nrc	1
ice91/bibpro	1
ice91/cloudbrush	1
id-bioinfo/tipars	1
idoerg/boa	1
idworkin/bds-files	1
idworkin/read-cleaning-format-conversion	1
iebeid/visint-x	1
ieguinoa/tools-iuc	1
iferguson90/genome	1
ifiddes/pycbio	1
igbb/quack	1
igboyes/virtool	1
igem-waterloo/uwaterloo-igem-2015	1
igemsoftware/shenzhen_bgic_0101_2013	1
igemsoftware/uestc-software_2014	1
igorrcosta/alfie	1
igsr/igsr_analysis	1
igvteam/igv	1
igvteam/igv.js	1
igvteam/igv.js-flask	1
igvteam/igv.js-jupyter	1
iharkhukhrakou/xpagesextensionlibrary	1
ihec/ihec-assay-standards	1
ihh/bossmachine	1
ihh/dart	1
ihh/dnastore	1
iimog/bcgtree	1
iimog/meta-barcoding-dual-indexing	1
ikit/bioinfo	1
ilarischeinin/chipster	1
illumina/pisces	1
ilveroluca/rapi	1
ilveroluca/seal	1
imgag/megsap	1
imgag/ngs-bits	1
imirp/imirp-app	1
iml/bowtie2	1
imvicencio/bioinformatica	1
in3rtial/mccons	1
indiependente/jfasta	1
indraniel/genome	1
informationsea/cppfasta	1
infphilo/centrifuge	1
infphilo/hisat	1
infphilo/hisat2	1
infspiredbat/glass	1
ingled/srst2	1
innuendocon/innuca	1
innuendoweb/innuca	1
inodb/revmut	1
inodb/sufam	1
inrisc/blast-and-bowtie-program-in-perl-version	1
instituteofpathologyheidelberg/bioconda-recipes	1
intermine/intermine-ws-bio-ruby	1
iontorrent/torrent-variant-caller-stable	1
iosonofabio/clusterforce	1
ipaljak/bioinfo	1
iplantcollaborativeopensource/cyverse-sdk	1
iqbal-lab/poligraph	1
iracooke/bc2023	1
irena2/bioinf-vbwt	1
iric-soft/km	1
irusri/geniecms	1
isanwong/cctools	1
iskandr/mhcpred	1
ismailm/neuropeptidesearch	1
ismailm/npsearch	1
ismailm/sequenceserver	1
isogai/test	1
isovic/consise	1
isovic/gindex	1
isovic/marginalign	1
isovic/ra-consensus	1
isovic/racon	1
itenente/igv	1
itmat/rum	1
ivazquez/clonal-heterogeneity	1
ivazquez/genetic-variation	1
ivazquez/science-advances-2016	1
ivirshup/bioconda-recipes	1
iwd32900/powrs	1
iyak/rnaelem	1
iychoi/biospectra	1
iychoi/kogiri	1
j-coll/biodata	1
j-coll/opencga	1
j-larson/bio-acai	1
jaaamessszzz/bmi203-homework3	1
jacobporter/bispin	1
jade-cheng/jocx	1
jadogg/__py_playground	1
jaeddy/bripipetools	1
jaehyuk/bds-files	1
jairideout/q2-types	1
jairideout/q2d2	1
jairideout/scikit-bio-cookbook	1
jakobmatthes/fragrep	1
james-d-mitchell/gap	1
james-monkeyshines/ensembl	1
james-monkeyshines/rna-phase-3	1
james0032/terminus	1
jamesafoster/compskillsf16	1
jamesbowman/ga144tools	1
jameslz/fxtract	1
jameslz/mica	1
jameslz/mytaxa	1
jamesmowens/hit-automaton	1
janakagithub/genome_transform	1
janelia-farm-xfam/bio-hmm-logo	1
janinamass/gonmw	1
janinamass/nmw	1
jaredwilkening/biogo	1
jas14/khmer	1
jasdumas/douglasfir	1
jashworth-isb/cmonkey-python	1
jasminz/sequenceserver	1
jason-weirather/alignqc	1
jason-weirather/idp	1
jason-weirather/py-seq-tools	1
jasong689/jbrowse-back	1
jasonsahl/ls-bsr	1
jasonwalker80/genome	1
jasper1918/bioconda-recipes	1
jauler/vu_mif_tasks	1
jayfans3/example	1
jayhesselberth/workshop	1
jaytlennon/dimensions	1
jaytlennon/qb-2017	1
jaytlennon/starvationtraits	1
jbarnoud/pbxplore	1
jbeacher6/edwardslab	1
jbloom/epitopefinder	1
jbloom/mapmuts	1
jbloom/mutpath	1
jbloom/phydms	1
jbloom/phyloexpcm	1
jbloomlab/dms_tools	1
jbloomlab/dms_tools2	1
jbloomlab/phydms	1
jbpease/dfoil	1
jccastrog/imglad	1
jchodera/ensembler	1
jcvi-ifx/ismapper	1
jcvi-virifx/isseeker	1
jdaron/epiteome	1
jdebarry/aaarf	1
jdecouchant/ayc2012	1
jdieramon/blueberryproject	1
jdurbin/sandbox	1
jduvick/xgdbvm	1
jeammimi/deepnano5bases	1
jeetsukumaran/treeshrew	1
jeezes/straintracer	1
jeffgoldblum/uwaterloo-igem-2015	1
jeffrey-io/wall-of-shame	1
jelena-tica/tiger	1
jelson/snap	1
jencabral/bioconda-recipes	1
jenhantao/hivgraph	1
jennifershelton/read-cleaning-format-conversion	1
jennifershelton/templates	1
jeremiahsavage/cwltool	1
jessada/pycmm	1
jesse-gallagher/xpagesextensionlibrary	1
jessicacambry/amp-primer-design	1
jessiewu/substbma	1
jessime/excision	1
jestill/dawgpaws	1
jesusrodrc/opencga	1
jfallmann/bioconda-recipes	1
jfinkels/peyo	1
jflater/ederson-hpc	1
jfoox/venninator	1
jfostier/brownie	1
jgcarvalho/gphydro	1
jgdominy/pepfrag	1
jglamine/phamdb	1
jgmeyerucsd/piqedia	1
jgrzebyta/bio-utils	1
jguhlin/nn-replicon-identification	1
jgurtowski/ectools	1
jhcepas/eggnog-mapper	1
jhcepas/ete	1
jhcepas/npr	1
jhcepas/prx5_supplementary_data	1
jherrero/crispr-parsr	1
jhl667/galaxy_tools	1
jhover/public	1
jhover/scoresite	1
jialiumasswenglab/lasv	1
jiantao/tangram	1
jianzuoyi/cpgiscan	1
jianzuoyi/orfam	1
jiarong/seqdep	1
jiarong/ssusearch	1
jightuse/rust-rosetta	1
jimhester/rsamtools	1
jinfengchen/circfinder	1
jinfengchen/deeptools	1
jingchaozhang/bioconda-recipes	1
jinghez/shogun	1
jingquanlim/amp-primer-design-1	1
jinmingda/microorganismsearchengine	1
jisoojean/dtp-zika-hackathon-2016	1
jisraeli/dragonn	1
jj-umn/tools-iuc	1
jkbaumohl/transform	1
jkimlab/mysyntenyportal	1
jkleinj/armi	1
jkleinj/gsatools	1
jkruppa/kmerpyramid	1
jlanga/exfi	1
jlanga/exon_finder	1
jlanga/smsk_khmer_trinity	1
jlanga/smsk_popoolation	1
jlanga/smsk_transrate	1
jlgelpi/biophysics	1
jling90/seqfindr	1
jlsalazar/revxine	1
jmarshall/bedtools2	1
jmategk0/bioparse	1
jmbattista/bioinformatics	1
jmchilton/galaxy-central	1
jmchilton/tint	1
jmeppley/batch_launcher	1
jmeppley/py-metagenomics	1
jmicrobe/bi331-taxonomy	1
jmjuanes/bedjs	1
jmjuanes/fasta-tools	1
jmmut/biodata	1
jmmut/opencga	1
jmschrei/rambutan	1
jmuhlich/hgvs	1
jnktsj/appsr	1
jnmaloof/bis180l_web	1
joachimwolff/bioconda-recipes	1
joaks1/pymsbayes	1
joaks1/seqsift	1
joansmith/seqware	1
joecarlson/intermine	1
joekurta/constrained-shortest-common-supersequence	1
joel-tuberosa/psgfinder	1
joelarmstrong/analysis-purgatory	1
joelarmstrong/treebuildingevaluation	1
joelsjostrand/taggd	1
joesoftheart/metagenomic	1
joey711/navasetal	1
johandahlberg/contadamination	1
johnbarton/ace	1
johnchase/lab-website	1
johnchase/q2d2	1
johnlees/pmcmc	1
johnlees/seer	1
johnreid/bioinf-utilities	1
johnreid/biopsy	1
johnreid/cacto	1
johnreid/pyseqan	1
johnreid/seqan	1
johnurban/fast5tools	1
johnurban/squiggler	1
jojoelfe/thesis_defense	1
jokinghero/orfik	1
jolantawojcik/biojavaown	1
jonathanlocke/biokit	1
jondeaton/kmer-counter	1
jondo/shogun	1
joneslabnd/dimensions	1
jooolia/oligotyping	1
jordandouglas/jordandouglas.github.io	1
jordiabante/himme	1
jordiabante/myutils	1
jordiabante/nucleosome_positioning	1
jordiabante/nucseq	1
jorge-j-benavides/gene_prediction	1
jorisvansteenbrugge/advbioinf	1
jorvis/attributor	1
jorvis/gales	1
jos4uke/getseqflankblathit	1
joseblanca/bam_crumbs	1
joseblanca/franklin	1
joseblanca/ngs_crumbs	1
joseblanca/seq_crumbs	1
joseblanca/vcf_crumbs	1
josenavas/deblur	1
josenavas/qiime	1
josenavas/qiita	1
josephhughes/victree	1
josephryan/alien_index	1
josephryan/fastqsifter	1
josephryan/matemaker	1
joshamilton/hamilton_aci_2017	1
joshbradshaw/uroc2015	1
joshkh/intermine	1
joshmoss11/x-seq	1
joshuaar/proteomemotiffinder	1
jpalpant/jarvis-lab-rnaseq-flow	1
jpalpant/rnaseqflow	1
jpdna/cellbase	1
jpgerke/bds-files	1
jpgulliver/omicsintegrator	1
jrderuiter/im-fusion	1
jrderuiter/pyim	1
jrderuiter/snakemake-exome	1
jrh154/chibbargroup	1
jrh154/random_projects	1
js21/bio-rnaseq	1
js21/vr-codebase	1
jssoares/dna-language	1
jstapleton/maynard-2015	1
jstapleton/synthetic_reads	1
jstjohn/simseq	1
jtcb/pscan	1
jtfouquier/ghost-tree	1
jtpoirier/proteomegenerator	1
jtprince/dna_sequence_aligner	1
jtremblay/rdp-training-sets	1
juancholkovich/filterblast	1
juhlchen/evo_marker	1
julianlau/contrail-emr	1
juliapackagemirrors/biomolecularstructures.jl	1
juliapackagemirrors/fastaio.jl	1
juliapackagemirrors/mitos.jl	1
julie-sullivan/phytomine	1
juliema/atram	1
julioscalves/pyblast	1
jungealexander/bioinf-tools	1
jupeg/tools-artbio	1
justathoughtor2/atomicape	1
justincc/intermine	1
jvolkening/p5-bio-cipres	1
jvolkening/p5-ms	1
jw156605/singlesplice	1
jwdebelius/american-gut	1
jwdebelius/scikit-bio	1
jxing-lab/me-scan-sva	1
jy-zhou/freepsi	1
jydu/maffilter	1
jyhehir/mobster	1
jzuoyi/cpgiscan	1
kahsieh/rop	1
kain88-de/mdanalysis	1
kakitone/finishingtool	1
kaktus42/vcftoalignment	1
kalyanreddyemani/biodata	1
kalyanreddyemani/hpg-bigdata	1
kamimrcht/rna_project	1
karansapra/opendwarfs	1
karel-brinda/ococo	1
karel-brinda/prophyle	1
karel-brinda/rnftools	1
karlnapf/shogun	1
karoraw1/glm_wrapper	1
karoraw1/xmetapipeline	1
karroje/raider_eval	1
karrtikr/ete	1
kashmatic/cgcv	1
katholt/kaptive	1
katholt/kleborate	1
katyakos/proj15-16	1
kazlewis/bmi203_finalproject	1
kbase/assembly	1
kbase/cbd	1
kbase/communities_qc	1
kbase/genome_annotation	1
kbase/genome_annotation_api	1
kbase/handle_service	1
kbase/kbasernaseq	1
kbase/meme	1
kbase/shock_service	1
kbase/strep_repeats	1
kbase/transform	1
kbase/trees	1
kbaseapps/gaprice_convert_assy_file_to_contigs	1
kbaseapps/genomefileutil	1
kbaseapps/kb_star	1
kbaseapps/kb_uploadmethods	1
kbaseapps/kbase_hipmer	1
kbaseincubator/kbasernaseq	1
kbhoehn/igphyml	1
kbiscanic/bioinformatics	1
kblin/bioinf-helperlibs	1
kblin/patscanui	1
kboehme/tnseq-pipeline	1
kbseah/phyloflash	1
kcompher/adam	1
kdmurray91/axe	1
kdmurray91/axe-experiments	1
kdmurray91/fastdbarcode	1
kdmurray91/khmer	1
kdmurray91/knives	1
kdmurray91/kwip	1
kdmurray91/libqcpp	1
kdmurray91/libqes	1
kdmurray91/samtools	1
kdmurray91/scythe-debian	1
kdmurray91/seqhax	1
kdmurray91/usc-demo	1
keggster101020/disease-prediction	1
keithj/cl-genomic	1
keithj/cl-sam	1
keithj/data_handling	1
keithj/npg_irods	1
keithwhor/ntseq	1
kelvinxz/rs_aligner	1
kenglishhi/mest	1
keuv-grvl/bioconda-recipes	1
kevchn/quagmir	1
kevinah95/bmc-sequence-alignment	1
kevingnet/fortunes_translated	1
kevinkle/semantic	1
kevinobrien29/ppiipred	1
kgururaj/bcftools	1
khughitt/cats	1
khughitt/ete	1
khughitt/extreme	1
kimlaborg/ngskit	1
kimrutherford/afra	1
kimrutherford/emboss	1
kimrutherford/intermine	1
kingb12/flask_probanno	1
kingsford-group/kourami	1
kingufl/comet	1
kipoi/kipoiseq	1
kippakers/starchimp	1
kirai/bio_hacking	1
kishori82/metapathways_python.3.0	1
kishwarshafin/deepore	1
kizcas/mitotoolpy	1
kjdudley/bds	1
kjemmett/target	1
kkellerlbl/transform	1
kkrysiak/genome	1
klavinslab/coral	1
kleptobismol/gregcaporaso.github.com-1	1
kleptobismol/scikit-bio	1
kljensen/gemoda	1
klocey/dimensions	1
klocey/qb-2017	1
kloetzl/pfasta	1
kmpf/uap	1
kmutagene/biofsharp	1
kn-bibs/dotplot	1
knights-lab/ninja-shogun	1
knights-lab/shi7	1
knights-lab/shogun	1
koadman/platypusfarm	1
koadman/proxigenomics	1
koelling/dnacol	1
koenherten/kmap	1
kojimasuda/genome-analysis-tools	1
kontakter/samtools	1
koonkie/metapathways_python_koonkie.3.0	1
korbidp3k/genotypebreakpoints	1
kortemme-lab/covariation	1
kortemme-lab/klab	1
kostagiolasn/nucleosomepatternclassifier	1
kostajaitachi/shogun	1
kousikbioinfo/sh2pepint	1
kpalin/eel	1
krrg/consensus-sequence-alignment	1
krrg/fasta-graph-assembler	1
kschwarzberg/gregcaporaso.github.com-1	1
kshedden/muscato	1
kspham/gsim	1
kspham/iris	1
kstatebioinfo/irys-scaffolding	1
kstatebioinfo/stanford_swc	1
ksthesis/gatk	1
ksxue/parallel-evolution	1
ktaneishi/deepchem	1
ktnyt/gembassy	1
ktrappe/daisy	1
ktrappe/seqan	1
kuinochi/ngs-pipeline	1
kuke/hamdle	1
kumar-physics/biojava	1
kundajelab/deepbind	1
kvarq/kvarq	1
kyclark/kmer-binner	1
kyclark/metagenomics-book	1
kyclark/misc	1
kyclark/ruby-kmer	1
kyleabeauchamp/loopmodel	1
kyleabeauchamp/pysam	1
kylebittinger/brocc	1
kyungtaeklim/psi-blastexb	1
kyungtaeklim/seqlim	1
l--u--p--u--s/skeleton	1
l-modolo/tetools	1
lacroixlaurent/g4hunter	1
lacroixlaurent/g4hunterpapergit	1
lafita/biojava	1
lagkouvardos/rhea	1
lambday/shogun	1
lanagarmire/mirmark	1
lancelothk/bspat	1
landesfeind/ngstk	1
langmead-lab/hmmer-fork	1
lanl-bioinformatics/edge	1
lanlab/snpfilt	1
lapeltsin/haystackheuristic	1
larkenx/coursework	1
larsdu/deepnuc	1
larsdu/deepnucdecomp	1
laserson/adam	1
laserson/vdj	1
lasersonlab/pepsyn	1
latifafj/entropyanalysis	1
latrocinia/haddocking.github.io	1
latticelabs/mitty	1
latticetower/progressivealigner.jl	1
latticetower/top_introns	1
lauringlab/benchmarking_paper	1
lauringlab/codonshuffle	1
lauringlab/variant_pipeline	1
lawrencelj/cuhk-i2p	1
lbarquist/bio-tradis	1
lbeltrame/bcbio-nextgen	1
lcdb/lcdb-workflows	1
lczech/genesis	1
ld-test/alnbox	1
leahroberts/discus	1
leebergstrand/backblast2	1
leebergstrand/backblast_reciprocal_blast	1
leebergstrand/bioid	1
leebergstrand/biomagick	1
leebergstrand/cdhittofasta	1
leebergstrand/hydrophobicity	1
leebergstrand/phylogenetic-tree-building	1
leebergstrand/pygenprop	1
leebergstrand/shovel	1
leebergstrand/torrent_variant_caller	1
leechuck/abercoin	1
leemendelowitz/maligner	1
leipzig/mitomaster	1
lenarother/moderna	1
lennonlab/dimensions	1
lennonlab/quantitativebiodiversity-2015	1
lennonlab/starvationtraits	1
lennonlab/subsidymicrobialstability	1
leodespaux/casdesigner	1
lepbase/lepbase-sequenceserver	1
leshaker/grape-nf	1
letartes/pstools	1
levesqueca/github_p_ultimum_rnaseq	1
levinas/assembly	1
lexnederbragt/sequencetools	1
lexovermars/tisanalysis	1
leyyin/university	1
lfaino/lorean	1
lfaller/name-that-microbe	1
lh3/samtools-legacy	1
lholivera/haplotipos	1
lianyi/seqr	1
libnano/libnano	1
lifeofothers/minimizers	1
lijunwu001/sourceanalyzer	1
likit/gfp-oligomerization	1
lilleswing/deepchem	1
lima1/purecn	1
limeng12/jbrowse	1
limeng12/seqan	1
linamnt/studygroup	1
lindenb/bedtools2	1
lindenb/gatk-ui	1
lindenb/jbwa	1
lindenb/knime5bio	1
lindenb/magic	1
lindenb/mod_bio	1
lindenb/ngsxml	1
linhua-sun/p4-phylogenetics	1
linkageio/locuspocus	1
linsalrob/crassphage	1
linsalrob/edwardslab	1
linsalrob/partie	1
linsalrob/phagehosts	1
linsalrob/phageproteomictree	1
linucks/ample	1
linyc74/pwm_scan	1
lipen/lipendev	1
lisitsyn/shogun	1
lituan/tools	1
liu3zhenlab/scripts	1
liufule12/repdna	1
liupfskygre/dksludge	1
liupfskygre/qiime	1
liviuspenter/cdrextraction	1
ljcohen/general	1
ljdursi/nanopoa	1
ljdursi/poapy	1
ljdursi/simple-squiggle-pseudomapper	1
ljouneau/rrbs-toolkit	1
lkuchenb/imseq	1
lkuchenb/shogun	1
lmdu/krait	1
lmmx/pronto	1
lmrodriguezr/enveomics	1
lmrodriguezr/nonpareil	1
lmrodriguezr/rocker	1
local-minimum/fseq	1
loire/bac2ass	1
lomereiter/sambamba	1
lonelu/metamorpheus	1
lonelyjoeparker/msc-phylogenetics-lab	1
lonsbio/biotool	1
loraine-gueguen/tools-iuc	1
lordjoe/sparkaccumulators	1
lorrainea/hced	1
loryder1/bio_challenges	1
losalamos/edge	1
lotrus28/tabocom	1
louisdijkstra/error-model-aligner	1
lowandrew/olctools	1
lowks/rabix	1
lpantano/eggs	1
lpantano/incubator	1
lpantano/isomirs	1
lpantano/java_seqbuster	1
lpantano/mypubs	1
lpantano/recipes	1
lpantano/seqbuster	1
lpantano/seqcluster	1
lpantano/tools-mixer	1
lparsons/galaxy_tools	1
lparsons/tools-iuc	1
lpryszcz/pyscaf	1
lpryszcz/rclups	1
lpryszcz/rediscover	1
lpryszcz/redundans	1
lry198010/biotools	1
lry198010/emview	1
lschaffer2/metamorpheus	1
lschaffer2/proteoform-suite-1	1
lschaffer2/proteoformsuite	1
lskatz/lskscripts	1
lskatz/lyve-set	1
lskatz/mashtree	1
lskatz/mlst	1
lskatz/nullarbor	1
lskatz/sneakernet	1
luadist2/alnbox	1
lucapinello/crispresso	1
lucian-ilie/sprint	1
lucventurini/mikado	1
luisfranciscohs/pathwaymatcher	1
luispedro/htseq-copy	1
luispedro/waldo	1
luizirber/bioinfo	1
luizirber/galgal	1
luizirber/leafnosed	1
lukajagatic/bioinformatika	1
lukegoodsell/bedtools2	1
luksys5/lt_programos	1
luksys5/paleistuve	1
lukw00/shogun	1
lulab/pi	1
lulab/rme	1
luo-chengwei/mytaxa	1
luo-chengwei/utilitomics	1
luobiny/bioconda-recipes	1
luwei0917/awsemmd_script	1
lwjohnst86/studygroup	1
lyonslab/coge	1
m-mysara/catch	1
m0n0xy2/mpsi_python_cours	1
m1key/genomic-data-science	1
m4rx9/rna-pdb-tools	1
ma-diroma/mtoolbox	1
maasha/biopieces	1
maasha/butt	1
maciejtrybilo/bioswift	1
macieksmuga/compliance	1
macieksmuga/server	1
maclandrol/ete	1
macmanes-lab/binpacker	1
macmanes-lab/g606_phylogenetics	1
macmanes-lab/general	1
macmanes-lab/geosmithia_manuscript	1
macmanes-lab/mcbs913	1
macmanes-lab/oyster_river_protocol	1
macmanes-lab/trinityrnaseq	1
macmanes-lab/wgs-assembler	1
macmanes/read_error_corr	1
macmanes/trinityrnaseq	1
mad-tamu/transit	1
mader/varianttools	1
madhadron/bein	1
madmaze/geneticspectroprint	1
madsalbertsen/fssu	1
maehler/seqpoet	1
magic2du/contact_matrix	1
magicdgs/gatk	1
magicdgs/readtools	1
magicdgs/thaplv	1
maglab/naked-mole-rat-portal	1
magum/rust-rosetta	1
mahajrod/mace	1
mahulchak/quickmerge	1
maihj/lastm	1
mailund/gwf	1
mailund/imcoalhmm	1
makovalab-psu/recovery	1
makrutenko/dunovo	1
malachig/genome	1
malt0047/csci5481-2015	1
mamarjan/bioruby-gff3-pltools	1
mamarjan/gff3-pltools	1
manasb/genomics	1
manutamminen/epic_barcoder	1
manutamminen/epride	1
maobing/fcar_v0.1	1
maovt/p3_web	1
maplesond/msa2qubo	1
maplesond/portcullis	1
maplesond/spectre	1
marbl/metacompass	1
marc-sturm/ngs-bits	1
marcelm/cutadapt	1
marcloupias/randomdnaselector	1
marco-mariotti/selenoprofiles	1
marcoscastro/clustering_bio_sequences	1
marcoscastro/pybr11	1
marcottelab/nuevotx	1
mariannesimon/sep-project	1
maribuon/hattci	1
marifelix/deconvonorm	1
marijanaspajic/multiary_wavelet_tree	1
mariodosreis/tai	1
mariusj/notescommon	1
markiskander/biomaj	1
markusbohl/uol	1
markuspf/hpcgap	1
markusweisser/helmantibodyeditor	1
maroe/dl-learner	1
marsbighead/mustang	1
martenson/tools-iuc	1
martin-mann/bioconda-recipes	1
martinghunt/ariba	1
martinghunt/ariba-publication	1
martinghunt/assembly_tools	1
martinghunt/bio-metagenomics	1
martinghunt/bioinf-scripts	1
martinghunt/circlator	1
martinghunt/fastaq	1
martinghunt/iva	1
martinghunt/pacbio-14-nctc-assemblies	1
martinghunt/pathogen-informatics-training	1
martinghunt/primer3tools	1
martinghunt/pymummer	1
martinsos/edlib	1
martinsos/opal	1
marvin-jens/find_circ	1
marwoes/viper	1
masantos/partanalyzer	1
massie/adam	1
massie/chipper	1
matildaaslin/whichparalog	1
matsen/ham	1
matsen/pplacer	1
matsengrp/bioboxpartis	1
matsengrp/lcfit	1
matthdsm/bioconda-recipes	1
matthewmoscou/qkgenome	1
matthuska/biasviz	1
mattions/pysam	1
mattloose/ruscripts	1
mattoates/bioinfo	1
mattsmart/uwaterloo-igem-2015	1
matz-e/cctools	1
maubarsom/orfan-proteins	1
maurobaresic/bioinf-string-matching-with-k-differences	1
maxbiostat/networkskdd	1
maxfrost1308/automation	1
maximilianh/crispranalysis	1
maximilianh/maxtools	1
maxplanck-ie/hicexplorer	1
mayc2/pseudoknot_research	1
mb1511/mummer-mumi	1
mbelmadani/motifgp	1
mbiokyle29/bioinformatics	1
mbiokyle29/geno-browser	1
mbiokyle29/pipelines	1
mblue9/tools-iuc	1
mbonsma/phageparser	1
mbonsma/studygroup	1
mbradac/mislav_bradac_seminar	1
mbradac/poa_alignment	1
mc-robinson/chain_joiner	1
mcamarad/getseqfeatures-perl-project-master-	1
mcapuccini/easymapreduce	1
mccrowjp/rrna_pipeline	1
mcintyre-lab/papers	1
mckinsel/fastxio	1
mcornwell1957/bioconda-recipes	1
mcshane/samtools	1
mculinovic/eagler	1
mculinovic/ontscaffolder	1
mcveanlab/mccortex	1
md5sam/falcon2fastg	1
md5sam/recovery	1
mdcao/japsa	1
mdehollander/bioconda-recipes	1
mdobrychlop/pyry3d_chimera_extension	1
mdrasmus/spimap	1
mdu-phl/lissero	1
mdu-phl/meningotype	1
mdu-phl/ngmaster	1
mdziurzynski/maisen_core	1
medvir/ecbc	1
medvir/smaltalign	1
meeibioinformaticscenter/grepsearch	1
meganllarsen/dimensions	1
meiji-bioinf/heap	1
melsiddieg/cellbase	1
merckey/ngsxml	1
meren/anvio	1
meren/illumina-utils	1
meren/meren-lab-tools	1
meren/oligotyping	1
meren/reads-for-assembly	1
merenlab/anvio	1
merenlab/merenlab-workflows	1
merenlab/trna-seq-tools	1
merenlab/web	1
merrimanlab/abcc4paper	1
merrimanlab/selectiontools	1
merrimanlab/urate_resequencing	1
mes5k/nextflow	1
mestato/epp622	1
metabarpark/reference-databases	1
metageni/focus	1
metagenomics/2015-biogas-cebitec	1
metagenomics/biopipeline	1
metagenomics/meragene	1
metannotate/metannotate	1
mevers/m6a_arabidopsis	1
mewall/gmv	1
mfiers/hagfish	1
mfiers/moa	1
mfursov/ugene	1
mg-rast/drisee	1
mg-rast/kmerspectrumanalyzer	1
mg-rast/pipeline	1
mg-rast/shock	1
mgalardini/2015_summer_school	1
mgalardini/2017_python_course	1
mgalland/solanum_srnas	1
mgcam/percolatehts	1
mglubber/uwaterloo-igem-2015	1
mgulcin/drugrec	1
mgvel/variantcall.jl	1
mgymrek/lobstr-code	1
mh11/biodata	1
mhahsler/rblast	1
mhahsler/rmsa	1
mhalagan-nmdp/ngs	1
mhammell-laboratory/bamqc	1
mht85/mitophast	1
mhuttner/mira	1
miaecle/deepchem	1
michada/bdbm	1
michael-weinstein/gatkbydirectory	1
michaelbarton/command-line-interface	1
michaelting/ggsoft	1
michal-stuglik/django-blastplus	1
michal-stuglik/tgm	1
micmn/shogun	1
microbiology/openmetagenometoolkit	1
microeco5135/peroxidase_cdna_project	1
microgenomics/pastetaxid	1
microgenomics/tutorials	1
microgenomics/workshop-puc	1
midnighteuler/pysifter	1
mikaoras/webmin	1
mike2151/virus-prediction	1
mikel-egana-aranguren/sadi-galaxy-docker	1
mikelhernaez/cbc	1
mikelhernaez/idocomp	1
mikeling/shogun	1
mikessh/mageri	1
mikessh/migmap	1
mikeyweigand/pertussis_n257	1
mikheyev/phage-lab	1
mikheyev/t5-lab	1
mikkelschubert/paleomix	1
mikolajsacha/biopairwiseoptimization	1
milaboratory/milib	1
milt0n/theomicians	1
minillinim/bam2fpkc	1
minillinim/ionpairer	1
minillinim/parsem	1
minxuancao/shogun	1
mirjalil/datascience	1
mirnylab/cooler	1
mirtad/overlap	1
mirtop/mirtop	1
mischalundberg/bamsurgeon	1
mitenjain/nanopore	1
mitenjain/signalalign	1
mitongs/mtoolbox	1
miwitt/hlabaits	1
mizuy/seqtool	1
mizzoucmmsgroup1/tbpymodeller	1
mjcollin/idigphylo	1
mjeltsch/reoptimize	1
mjsull/hapflow	1
mkebede/omicsintegrator	1
mkiwala/genome	1
mkopar/virclass	1
mkopar/virus-classification-theano	1
ml-lab/bayescat	1
ml-lab/tmhmm.py	1
mlell/tapas	1
mlesche/deep_seq_pipeline	1
mlesche/dsp	1
mlhenderson/transform	1
mlin/phylocsf	1
mlovci/docker	1
mmacgilvray18/phospho_network	1
mmagnus/rna-pdb-tools	1
mmcat/transps	1
mmichel/contact-vis	1
mmterpstra/pipeline-util	1
mmugnier/vsg-pipeline	1
mmuscarella/dimensions	1
mmuscarella/microbial-innovations	1
mmuscarella/starvationtraits	1
mnoguera/vicroseq	1
mobidic/snakewhale	1
mocat2/mocat2	1
modict/modict	1
mohammedaljaff/microtaboo	1
mokosaur/rna-secondary-structure-predictor	1
molb7621/workshop	1
molbiodiv/meta-barcoding-dual-indexing	1
molecol/targeted-resequencing-with-mips	1
molecular-epidemiology/molepi-data	1
molecularbiodiversity/carlaseq	1
molecules/fastaptamer-clusterparser	1
molevol-ub/domino	1
molleraj/metacrast	1
monashbioinformaticsplatform/rnasik-pipe	1
monsantoco/badranetal2015	1
mooreryan/lalateehee3000	1
mooreryan/lsa_for_genomes	1
mooreryan/parse_fasta	1
mooreryan/qc	1
mooreryan/rev_tr_aln	1
mooreryan/seq_utils	1
mooreryan/viral_abundance	1
mooreryan/zetahunter	1
morgannprice/paperblast	1
morinlab/tools-morinlab	1
moritzbuck/gefanto	1
morrislab/rnascan	1
mortonjt/american-gut	1
mortonjt/micronota	1
mossmatters/hybseqpipeline	1
mozack/abra2	1
mpcox/mapcount	1
mpdunne/orthofiller	1
mpieva/mapping-iterative-assembler	1
mpieva/samtools-patched	1
mpkocher/pbcommand-examples	1
mpkocher/pbsmrtpipe-examples	1
mptrsen/orthograph	1
mptrsen/orthograph-test-data	1
mr-c/common-workflow-language	1
mr-c/snap	1
mr-c/tools-iuc	1
mr-c/trinityrnaseq	1
mrflip/wucluster	1
mrgeen/artemis	1
mrgeen/bedtools	1
mrgeen/bedtools2	1
mrgenixus/skittle	1
mrhtz/persianstemmer-java	1
mrjato/bdbm	1
mrjavo94/suffixtree	1
mrmckain/fast-plast	1
mscook/b2lscrape	1
msettles/dbcamplicons	1
msettles/genamplicons	1
msettles/tnamplicons	1
mshakya/pypiret	1
mskec/wavelettree	1
mskilab/bxbam	1
mskwark/pconsc3	1
msneddon/nfsim	1
mstrazar/ionmf	1
mtholder/morpho-pll	1
mtmorgan/rsamtools	1
mtomcal/cpsvgreader	1
mtomko/fatk	1
muehlhaus/biofsharp	1
muehlhaus/fsharpbio	1
muldvang/thesis-code	1
multicom-toolbox/dncon2	1
multiscale-genomics/mg-process-fastq	1
mummer4/mummer4.github.io	1
muppetjones/rempipe	1
murphycj/agfusion	1
mutantturkey/dna-utils	1
mvanderkolff/fyre-packaging	1
mvaudel/tutorials	1
mvdbeek/tools-artbio	1
mvdbeek/tools-iuc	1
mw55309/meta4	1
mwalzer/pybioconveniences	1
mwhall/ananke_peerj	1
mwilkers/unceqr	1
mwjmerkx/pcfb_project	1
myoshimura080822/galaxy_in_docker_custom_bit_wf	1
mz2/imotifs	1
nabavilab/cnv-visualizer	1
nahmedraja/gasal	1
namsyvo/ivc	1
namsyvo/multigenome	1
namsyvo/randal	1
nanguage/bioinfocollections	1
nanjiangshu/kalignp	1
nanoporetech/nanonet	1
nanoporetech/scrappie	1
narlikarlab/diversity	1
natefoo/tools-iuc	1
nathandunn/jbrowse	1
nathanweeks/bioperl-live	1
nathanweeks/exonerate	1
naturalis/hts-barcode-checker	1
naturalis/supersmart	1
naturalis/wgs2ncbi	1
nauer/bi-army-knife	1
naumenko-sa/bioscripts	1
naupaka/aftol_resources	1
nawawi/webmin	1
nbenzakour/seqfindr	1
nbokulich/short-read-tax-assignment	1
nbstrauli/influenza_vaccination_project	1
ncbi-hackathons/hassl_homogeneous_analysis_of_sra_rnasequencing_libraries	1
ncbi-hackathons/seqr	1
ncbi-hackathons/sv_and_isoforms_from_rnaseq	1
ncbi-hackathons/tumor_sim	1
ncip/geneconnect	1
nclark-lab/rerconverge	1
nconrad/p3_web	1
ndaniels/cablastp2	1
ndaniels/mica	1
ndaniels/ssannotate	1
ndhall/pysam_tools	1
nds/assembly_improvement	1
nds/bio_assembly_refinement	1
necrolyte2/luigi-test	1
nedaz/cola	1
nedaz/kraken	1
neherlab/ffpopsim	1
neherlab/treetool	1
nekrut/tools-iuc	1
nekrut/vcflib-tools	1
neksa/elementary-functions	1
nescobar/dsprojects	1
neufeld/axiome	1
new-parus/parus-examples	1
new-parus/parus_and_examples	1
nextflow-io/cwl2nxf	1
nextflow-io/nextflow	1
nextflow-io/nmdp-flow	1
nextflow-io/tests	1
nextgenusfs/amptk	1
nextgenusfs/funannotate	1
nextgenusfs/ufits	1
nextstrain/augur	1
nfillmore/rsem-eval	1
ngannguyen/immunoseq	1
ngschool2016/ngschool2016-materials	1
ngschooleu/2017	1
ngsep/ngsepcore	1
ngstrainingclass/dna-mapping	1
ngstrainingclass/fm-index-based-alignment	1
ngsutils/ngsutils	1
nguyenngochuy91/class_projects	1
nh13/freebayes	1
nh13/picard	1
nhayden/rsamtools	1
nhoffman/bioy	1
nhoffman/fastalite	1
nhoffman/swarmwrapper	1
niasc/virusmeta	1
nibb-gitc/gitc2017-blast	1
nick-youngblut/sipsim	1
nickp60/open_utils	1
nickp60/pyutilsnrw	1
nickp60/riboseed	1
nighatyasmin/resolve	1
nilsonmorales/puppyes-nightrc	1
nimblegen/bioinformatics	1
nioo-knaw/hydra	1
nitesh1989/tools-iuc	1
nixonpjoshua/jnixonhellocontigsfilter	1
nki-ccb/imfusion	1
nkindlon/bedtools2	1
nlapalu/sddetector	1
nlhepler/pysam	1
nlhepler/shorah	1
nmdp-bioinformatics/flow	1
nmdp-bioinformatics/ngs	1
nmdp-bioinformatics/service-gfe-submission	1
nmih/ssbio	1
noellekimiko/hmc-grader	1
noise42/beam	1
novartis/railroadtracks	1
novartis/yap	1
npalopoli/mitos.jl	1
npavlovikj/bioconda-recipes	1
npge/alnbox	1
nprofileanalysiscomputationaltool/npact	1
nrzabet/a_thaliana_epigenetic_mutants	1
nsh87/receptormarker	1
nsoranzo/sspace_basic	1
nsoranzo/tools-iuc	1
nterhoeven/sequence_processing	1
nturaga/tools-iuc	1
nunofonseca/irap	1
nw11/pseudogenomes.jl	1
nwbvt/bio-algs	1
nyirock/mg_blast_wrapper	1
nyoungb2/deltagc	1
nyoungb2/misc_perl	1
oarnaiz/parties	1
oarnaiz/truc	1
odiogosilva/trifusion	1
odose/odose.nl	1
odwyer-lab/microbial-innovations	1
oena/bioconda-recipes	1
ofrg/ofrg-probe-set-design	1
ohnosequences/blast	1
ohnosequences/blast-api	1
ohnosequences/fastarious	1
ohnosequences/jellyfish-api	1
ohsu-computational-biology/common-workflow-language	1
ohsu-computational-biology/compliance	1
ohsu-computational-biology/server	1
oicr-gsi/niassa	1
oicr-ibc/riser	1
ojwatson/sims4	1
olc-bioinformatics/geneseekr	1
olc-bioinformatics/pythongeneseekr	1
olc-bioinformatics/sigseekr	1
olc-loc-bioinformatics/genesipprv2	1
olf-bioinformatics/snp_analysis	1
olgabot/kvector	1
olgabot/poshsplice	1
olgabot/pyhomer	1
olinguyen/shogun	1
olivierlizotte/trinity.main	1
olli0601/big.phylo	1
olli0601/pangeahaircut	1
olli0601/phyloscan	1
olli0601/phyloscanner.r.utilities	1
ollyburren/heisenberg	1
olsonanl/transform	1
omicsnut/bioconda-recipes	1
omidi/dwt-toolbox	1
omnesres/onco_lnc	1
onecodex/finch-rs	1
onecodex/needletail	1
onecodex/onecodex	1
onecodex/onecodex-uploader	1
onlinephylo/sts	1
open2c/bioframe	1
opencb-cloud/opencga-lib	1
opencb/biodata	1
opencb/cellbase	1
opencb/hpg-aligner	1
opencb/hpg-bigdata	1
opencb/opencga	1
opendwarfs/opendwarfs	1
opengene/mutscan	1
openntf/mywebgate-scrum	1
openntf/responsivewebsite	1
openntf/smartnsf	1
openntf/xpagesextensionlibrary	1
operutka/alzw	1
optimusmoose/jamss	1
orionzhou/rgeneclust	1
orionzhou/robin	1
orobitg/mta	1
orobitg/mta-nf	1
oscartt89/hpc-excelerate	1
ostrokach/bioconda-recipes	1
ostrokach/biskit	1
osuchanglab/autoani	1
oushujun/ltr_retriever	1
outbig/dafga	1
owenlancaster/hiv-1_linked_virus_mutations	1
oxanasachenkova/gibbsmotif	1
oxis/avsa_parallel_blast	1
oxis/gtool	1
oxphos/shogun	1
ozagordi/shorah	1
ozway/debugcubfits	1
p-hofmann/validator	1
pabarcgar/biodata	1
pabarcgar/opencga	1
pablo1990/bdprac	1
pacciani-lab/pacciani-main	1
pachterlab/kma	1
pachterlab/prober_paper_analysis	1
paddlepaddle/models	1
pakohan/syso-kernel	1
palmuc/bio-phyta	1
pandemicpig/binstore	1
pandeylab/pythomics	1
pandeyravi15/sgmbl	1
pandurang-kolekar/rtd-phylogeny	1
pansapiens/icelogo	1
pansapiens/server	1
paolopavan/biojava	1
papenfusslab/canary	1
papenfusslab/mhc-clogs	1
papenfusslab/mungo	1
papenfusslab/pathos	1
parbliss/kmerind	1
parklab/ngscheckmate	1
pascal-git/snakemake	1
pathoscope/pathoscope	1
patric3/p3_api	1
patric3/p3_web	1
patrickjrock/c2finder	1
patrickkwinten/fakenames	1
patrickkwinten/teamroomgraph	1
patrickwest/eukrep	1
paulaalessio/fastqarazketa	1
paulaalessio/lowquality	1
paulhorton/fastapl	1
pauline-ng/sift4g_create_genomic_db	1
paulswithers/xpagesextensionlibrary	1
pavanvidem/tools-iuc	1
pavel-odintsov/shogun	1
pawanpal01/biodata	1
pawanpal01/hpg-bigdata	1
pb-cdunn/dconvert	1
pb-cdunn/falcon-examples	1
pbdas/epa-ng	1
pbelmann/command-line-interface	1
pbenner/tfbayes	1
pbjd/dconvert	1
pcantalupo/bioperl-live	1
pcingola/server	1
pditommaso/2015-biogas-cebitec	1
pditommaso/grape-nf	1
pditommaso/paramsa	1
pdx-flamingo/codonpdx-python	1
peastman/deepchem	1
pedlefsen/hiv-founder-id	1
pedlefsen/siever	1
pedrocrisp/ngs-pipelines	1
peraltalab/csi_dispersal	1
percyfal/ratatosk	1
percyfal/snakemake-rules	1
percyfal/snakemakelib	1
percyfal/snakemakelib-rules	1
peri4n/bio	1
perl6/perl6-examples	1
perlatroncosorey/tgac-galaxytools	1
petehaitch/bismark_v0.8.1	1
petehaitch/bwa-parclip	1
peterhj/wgs-assembler	1
peterjc/bioconda-recipes	1
peterjc/pyani	1
peterjc/samtools	1
peterjc/tools-iuc	1
peterk87/heidelberg_subtyping	1
peterk87/sistr_cmd	1
peterpotts/gene	1
petr1990/protein_reconstruction	1
petrov-lab/tuba-seq	1
pf2-pasteur-fr/seqan	1
pfalabella/rust-rosetta	1
pfaucon/pbsim-pacbio-simulator	1
pfxuan/speedseq	1
pgdurand/beedeem	1
pgdurand/bioinformatics-core-api	1
pgfoster/p4-phylogenetics	1
phac-nml/bio_hansel	1
phac-nml/bioconda-recipes	1
phac-nml/dynamic-tool-destination	1
phac-nml/ecoli_serotyping	1
phac-nml/galaxy_tools	1
phac-nml/irida	1
phac-nml/neptune	1
phac-nml/snvphyl-galaxy	1
phac-nml/snvphyl-galaxy-cli	1
phageparser/phageparser	1
pharmgkb/genome-sequence-io	1
phe-bioinformatics/kmerid	1
phe-bioinformatics/phenix	1
phe-bioinformatics/pneumocat	1
phe-bioinformatics/snapperdb	1
phelimb/atlas	1
phelimb/cbg	1
philippaborrill/aflf_timecourse_control	1
philres/nextgenmap-lr	1
philres/ngmlr	1
phrb/gpu-autotuning	1
phwgs/phe_gastro_references	1
piaep/speedseq	1
pickettbd/genesynthesizer	1
pierrepeterlongo/methmap	1
pierrepo/pbxplore	1
pilirod70/ngopt	1
pimentel/rsem	1
pinbo/getkasp	1
pinetree1/crispr-dav	1
pinguinkiste/bioconda-recipes	1
pirolf/rna-secondary-structure-prediction	1
pivie/cctools	1
pjbriggs/tools-iuc	1
pjotrp/bigbio	1
pjotrp/bioruby-alignment	1
pjotrp/bioruby-gff3-plugin	1
pjotrp/bioruby-pipeline	1
pjotrp/bioruby-table	1
pjotrp/biotools	1
pjotrp/blastxmlparser	1
pjotrp/emboss	1
pjotrp/samtools	1
pkaleta/pysam	1
pkerpedjiev/ernwin	1
pkerpedjiev/forna	1
platinhom/manualhom	1
pliu55/prsem_demo	1
pliu55/rsem	1
plumbwj01/barcoding-fraxinus	1
plummerlab/2015-05-05-avrrvi5_candidate_transcript_validation	1
pmelsted/pizzly	1
pmsppinto/mirnalearn	1
pnpnpn/dna2vec	1
pnpnpn/gimsan-py	1
polde-live/duke-java-1	1
pombreda/ruffus	1
pombredanne/bioneb	1
pombredanne/ghost-tree	1
pombredanne/speedseq	1
pomo-dev/cflib	1
pomo-dev/pomo	1
pony1487/fastareader	1
poojavade/genomics_docker	1
popitsch/varan-gie	1
population-transcriptomics/c1-cage-preview	1
population-transcriptomics/cell-cycle-on-c1	1
portah/repeats	1
ppavlidis/gemma	1
ppericard/matam	1
ppericard/matamog	1
pragyajaiswal/protein-sequence-parser	1
prakhar1989/rust-rosetta	1
prashantpandey/longread-genomeassembly	1
prashnts/mirmap	1
prashnts/spatt	1
pratas/falcon	1
prehensilecode/vsearch	1
prheenan/appm_project_3	1
price0416/simulome	1
pricelab/fimoservice	1
pricelab/snapr	1
primer3-org/primer3	1
princelab/metriculator	1
princelab/ms-testdata	1
prinsmike/shock	1
probic/bib	1
probic/bib-s-aureus-example	1
prosic/libprosic	1
prosic/prosolo	1
proteinswebteam/bio-hmm-logo	1
proteinswebteam/interpro7-client	1
protviz/protviz	1
protwis/protwis	1
prp4github/cantaloupe	1
pryvkin/coral	1
psathyrella/partis	1
psathyrella/partis-deprecated	1
pschreiner/piclusterbuster	1
pseudogene/ora	1
psibi/neuron	1
ptdtan/ragout	1
public-health-bioinformatics/rcqc	1
pvanheus/intervals_to_fasta	1
pvanheus/orthomcl_galaxy	1
pveber/biocaml	1
pvphaneuf/miscsbrg	1
pwrose/biojava	1
pycam/python-functions-and-modules	1
pydataberlin/conf2017slides	1
pyilmaz/marmic	1
pyrovski/opendwarfs	1
pysam-developers/pysam	1
pziarsolo/bam_crumbs	1
pzweuj/pzweuj.github.io	1
qbstudents/qb2017_polezhaeva	1
qbstudents/qb2017_ramesh	1
qcaudron/genepy	1
qcaudron/rubella-genbank	1
qczhang/mccons	1
qdata/transferstringkernel	1
qichao1984/gsmer	1
qiime2/q2-types	1
qiita-spots/qp-target-gene	1
qiita-spots/qtp-biom	1
qiita-spots/qtp-target-gene	1
qiq/hector_robot	1
qiukunlong/seeksv	1
qiumingyao/storm	1
qiyunzhu/horizomer	1
qmlb-gpaperscapstonerepos/tool-seqker	1
qsirianni/grapple	1
qsirianni/ipa	1
quantisan/wholecell	1
quantitativebiodiversity/assignments	1
quantitativebiodiversity/qb-2017	1
quinny/perl6-examples	1
qulogic/studygroup	1
quxiaojian/oga	1
quxiaojian/pga	1
qwertie64982/coding4medicine-2017	1
qwertymaniac/seal-cdh4	1
rabadanlab/target	1
rabix/bunny	1
rabix/rabix	1
radiaj/miranalysis	1
radiaj/rjscripts	1
raemarks/readmapping	1
raemarks/suffixtree	1
rafalcode/quickscripts	1
raharjaliu/bifers	1
rahimrajwani/miru-profiler	1
rajanil/mkboost	1
rajewsky-lab/find_circ2	1
rajido/biojs2	1
rallis/modmaps3d	1
ramialison-lab-armi/trawler-2.0	1
ramioran/seqcov	1
randeknight/jmdict	1
raph333/consensus-residue-contact-calculator	1
raphael-abreu/seq-to-ec	1
rasbt/protein-science	1
rasieb/small-r-scripts	1
rasilab/ferrin_elife_2017	1
rasilab/htseq	1
ratschlab/asp	1
ratschlab/easysvm	1
ratschlab/oqtans_tools	1
ratschlab/palmapper	1
ratschlab/ribodiff	1
raunaq-m/mlehaplo	1
raunaq-m/multires	1
raymonwu/managing_your_biological_data_with_python_3	1
rbankoff/beat	1
rcallahan/smalt	1
rch/assessment	1
rcollins13/wgd	1
rcs333/clinvirusseq	1
rcurtin/shogun	1
rcuvgd/webmin	1
rcuvgd/webmin22.01.2016	1
rdpstaff/classifier	1
rdpstaff/framebot	1
rdpstaff/gfclassify	1
rdpstaff/readseq	1
rdpstaff/sequencematch	1
read-lab-confederation/nyc-subway-anthrax-study	1
realmarcin/transform	1
realtimegenomics/rtg-tools	1
reamdc1/gene_block_evolution	1
reamdc1/gene_block_evolution_old	1
reedacartwright/dawg	1
reedacartwright/sample-data	1
refgenomics/onecodex	1
reimandlab/activedriverdb	1
reimandlab/visualisation-framework-for-genome-mutations	1
reimandlab/visualistion-framework-for-genome-mutations	1
reisub/sparsemem	1
reiverjohn/biobench2	1
relrod/bioparse	1
remiolsen/nougat	1
renatolrr/python-for-genomic-data-science-coursera	1
repurpledeep/gem	1
researchdx/extractfasta	1
revbayes/revbayes_tutorial	1
reynoldsk/pysca	1
reza-ryte-club/eggplant	1
rfam/rfam-production	1
rgarcia-herrera/ribosonic	1
rhiju/loop_close	1
rhilker/readxplorer	1
rhysf/synima	1
ribozones/ribolab	1
richardmleggett/metacortex	1
richardmleggett/nextclip	1
richelbilderbeek/beast	1
richelbilderbeek/ribiclasses	1
richrr/scripts	1
ridgelab/findssrs	1
ridgelab/sa-ssr	1
rigdenlab/ample	1
rinoahu/poem	1
rintukutum/r-class-igib	1
ritjbf/jbioframework	1
ritwikgupta/pygr	1
ritwikgupta/rabix	1
riyuebao/splices	1
rizkg/kmerinshort	1
rjgoodin/uwaterloo-igem-2015	1
rk900/flu-prediction	1
rmccoy7541/egillettii-rnaseq	1
rmcgibbo/cctools-3.4.2-fork	1
rmharrison/dsl_sequence	1
rmillikin/metamorpheus	1
rnacentral/rnacentral-import-pipeline	1
rnacentral/rnacentral-webcode	1
rnaer/calour	1
rnaer/micronota	1
rnaer/qiita	1
rnakato/ssp	1
rneher/fitnessinference	1
rnewbie/bitter	1
rnpandya/adam	1
roalva1/opencga	1
rob-p/bioconda-recipes	1
robersonlab/motif_scraper	1
robersonlab/ngg2	1
robertbakaric/fastaplus	1
robertbakaric/fhead	1
robertbakaric/segfilt	1
robertbakaric/xnufilt	1
robinandeer/cosmid	1
robjgiff/digs-tool	1
robsyme/bioruby-mummer	1
robsyme/nextflow	1
rodenluo/smith-waterman-in-perl	1
rodenluo/tophat-mini-in-perl	1
rodriguez-salarichs/fastc	1
rolandkrause/isb101	1
romanzenka/swift	1
ronnysoak/libsdb	1
ronnysoak/libssa	1
rory-finnegan/python-tutorials	1
roryk/bcbio-nextgen-test-data	1
roryk/bipy	1
roryk/hisat2	1
roryk/recipes	1
roryk/tiny-test-data	1
roryk/transrate	1
rosaak/pythonngs	1
rostlab/loctree	1
rostlab/metastudent	1
rostlab/reprof	1
rostlab/somena	1
rostlab/tmseg	1
royboy432/qb2017_moger-reischer	1
rpetit3-education/ibs796-python	1
rpetit3-science/call_variants	1
rpetit3-science/variant-validation-experiment	1
rrahn/gdf_tools	1
rrahn/jst_bench	1
rrahn/seqan-mirror	1
rrna-coop/home	1
rrrichter/ufrgs	1
rrwick/bandage	1
rrwick/getspadescontiggraph	1
rrwick/k-locus-caller	1
rrwick/mlst-from-srst2	1
rrwick/porechop	1
rrwick/spades-contig-graph	1
rrwick/srst2-table-from-assemblies	1
rrwick/unicycler	1
rsb93/capstone	1
rsbaucom/bds-files	1
rsutormin/pangenomeorthomcl	1
rsutormin/transform	1
rtahmasbi/geneevolve	1
rtraborn/bsgenome.dpulex	1
rtraborn/bsgenome.dpulex.pa42	1
ruhulsbu/cshlrepo	1
ruleworld/nfsim	1
runefriborg/gwf2	1
ruolin/strawberry	1
rust-bio/rust-bio-tools	1
rust-bio/rust-htslib	1
rvalieris/bioconda-recipes	1
rvaser/bioparser	1
rvaser/sift4g	1
ryan-williams/guacamole	1
ryan-williams/hadoop-bam	1
ryanmelnyk/pyparanoid	1
ryanmt/search_engine	1
ryanraaum/african-mtdna	1
ryanraaum/oldowan.fasta	1
ryanraaum/oldowan.mtconvert	1
ryanraaum/oldowan.phylip	1
ryneches/suchtree	1
rzeller/hmmer-3.0	1
s-andrews/compter	1
s-boardman/speedseq	1
s-will/locarna	1
saketkc/bioconda-recipes	1
saketkc/comp-bio	1
saketkc/galaxy_tools	1
saketkc/moca	1
saketkc/moca-scripts	1
saketkc/motif-logos-matplotlib	1
sakeven/rust-rosetta	1
salahub/uwaterloo-igem-2015	1
salilab/imp	1
sam217pa/prokgc	1
samazyx/odintifier	1
samleenz/rnaseq_pipe	1
samuelsh/pyfstress	1
sanbi-sa/orthomcl_galaxy	1
sanbi-sa/tools-iuc	1
sanbi-sa/tools-sanbi-uwc	1
sandain/es1	1
sandain/es2	1
sandain/oligo	1
sanger-pathogens/annot-nf	1
sanger-pathogens/ariba	1
sanger-pathogens/assembly-stats	1
sanger-pathogens/assembly_improvement	1
sanger-pathogens/bio-automatedannotation	1
sanger-pathogens/bio-ena-datasubmission	1
sanger-pathogens/bio-metagenomics	1
sanger-pathogens/bio-rnaseq	1
sanger-pathogens/bio-tradis	1
sanger-pathogens/circlator	1
sanger-pathogens/companion	1
sanger-pathogens/farm_blast	1
sanger-pathogens/fastaq	1
sanger-pathogens/genedb	1
sanger-pathogens/gubbins	1
sanger-pathogens/iva	1
sanger-pathogens/iva-publication	1
sanger-pathogens/pathogen-informatics-training	1
sanger-pathogens/plasmidtron	1
sanger-pathogens/pymummer	1
sanger-pathogens/roary	1
sanger-pathogens/saffrontree	1
sanger-pathogens/seroba	1
sanrrone/extractseq	1
sanrrone/ggisy	1
sanrrone/multigenomiccontext	1
santiago1234/pipelinesbazzinilab	1
sanuj/shogun	1
sararselitsky/tdrmapper	1
satoken/dafs	1
satoken/ipknot	1
satta/annot-nf	1
satta/artemis	1
satta/companion	1
satta/genedb	1
satta/iva	1
satta/ltrsift	1
sauloal/perlscripts	1
sauloal/projects	1
saupchurch/server	1
saurabh7/shogun	1
savinaroja/savinaroja.github.io	1
sawsimeon/bitter	1
sb43/bpipe	1
sbg/mitty	1
sbliven/biojava	1
sbliven/biojava-sbliven	1
sbrg/ssbio	1
scaleunlimited/tenaya	1
scapella/trimal	1
schae234/locuspocus	1
schaefce/gene_block_evolution	1
scharch/soanar	1
scharch/sonar	1
scharch/zap	1
schatzlab/appliedgenomics	1
schlosslab/baxter_glne007modeling_2015	1
schlosslab/baxter_glne007modeling_genomemed_2015	1
schlosslab/jenior_modeling_mbio_2017	1
schlosslab/jenior_modeling_msystems_2017	1
schlosslab/jenior_transcriptomics_2015	1
schlosslab/kozich_miseqsop_aem_2013	1
schlosslab/schubert_clinical_mbio_2014	1
schlosslab/sze_followups_microbiome_2017	1
schlosslab/sze_obesity_mbio_2016	1
scholer/cadnano2.5	1
schulter/crbm	1
schulzlab/oases	1
schulzlab/orna	1
schulzlab/rapid	1
schulzlab/tepic	1
scidap/cwltool	1
sciencesj/coursecomparativemethods	1
scigap/deprecated-cipres-airavata-poc	1
scigap/xsede-job-scripts	1
scilifelab/nougat	1
scottgigante/nanomod	1
scottgigante/nanopore-scripts	1
sdanzige/cmonkey-python	1
sdquest/sdquest	1
sdu-hpcl/xsw	1
sdwfrost/exploratory-phylodynamics	1
sdwfrost/igh-evaluation	1
sdwfrost/pangea	1
sdwfrost/pangea-round2	1
sdwfrost/pangea-trees	1
sean-dougherty/seqio	1
sean-mccorkle/genome_transform	1
seandavi/harvardextremecomputing	1
sebhtml/assembly	1
sebhtml/open-assembler	1
sein-tao/pybioutil	1
semenko/crass-rpkm	1
senthil10/nougat	1
seokhyun-yoon/trareco	1
seokjunbing/cs75	1
seoklab/galaxyfill	1
seoklab/galaxyrefinecomplex	1
sepsis-omics/mcgill-si-2017	1
sepsis-omics/tutorials	1
seqan/anise_basil	1
seqan/flexbar	1
seqan/flexcat	1
sequana/data	1
sequana/sequana	1
seqware/seqware	1
sergpolly/fluutils	1
serulab/py4bio	1
sestaton/tephra	1
sfletc/scram2	1
sgblanch/canu	1
sgivan/rna-seq-toolkit	1
sgordon007/jcvi_062915	1
shahnidhi/outlier_in_blast_hits	1
shajoezhu/server	1
shamim8888/bioscala	1
shangwuhencc/shogun	1
shanot/imp	1
sharoonthomas/gtk-mac-integration	1
sharpton/mrc	1
sharpton/phylotu	1
sharpton/shotmap	1
shaunmk/bilevel-ils-rosetta	1
shellydeforte/pdb	1
shengqh/cqsperl	1
shengqh/rcpabiojava	1
shengqh/rcpabiosolution	1
shenwei356/bio	1
shenwei356/bio_scripts	1
shenwei356/bioconda-recipes	1
shenwei356/csvtk	1
shenwei356/seqkit	1
shenwei356/taxonkit	1
sherbert-lemon/uwaterloo-igem-2015	1
shinout/fastareader	1
shinout/pairgen	1
shishiluo/genomics-datascience	1
shl198/pipeline	1
shl198/projects	1
shlomif/perl6-examples	1
shnela/pam_blosum	1
shogun-toolbox/shogun	1
shu65/divide_fasta	1
shu65/sequencerandomsampling	1
shujiahuang/asmvar	1
shujiahuang/asmvar2	1
shujiahuang/hgpp	1
shyamrallapalli/cheripic	1
shze/biosim	1
sibs-cas/gnu-pattern	1
sidney/mira4-assembler-patches	1
sierraplatinum/peakcallerbenchmarkdataset	1
silicosciences/seminar-bioinformatics-rna-seq	1
sillitoe/biojs-vis-msa	1
simjoly/coursecomparativemethods	1
simomarsili/elss	1
simon-anders/htseq	1
simongreenhill/pyvolve	1
simonll/likelihoodfreephylogenetics	1
simonvh/genomepy	1
simonvh/gimmemotifs	1
simonvh/maelstrom-poster	1
sing-group/bicycle	1
sinkovit/immunoutils	1
sio-iago/essential-plaform-back	1
sionbayliss/mho_analysis	1
sirrice/sirrice.github.io	1
sirvsuite-support/sirvsuite	1
sivakasinathan/incubator	1
sivakasinathan/shape_align	1
sivertkh/gtrackcore	1
sjackman/barrnap	1
sjackman/kat	1
sjeblee/studygroup	1
sjyoo/handle_service	1
skeffington/gpf	1
skptic/nf-module-demo	1
skptic/paramsa	1
sls-kwan/biopython_trial	1
slugger70/galaxy_wrappers	1
slugger70/notes	1
smaegol/metaplasmid	1
smaegol/plasflow	1
smangul1/rop	1
smautner/eden	1
smdabdoub/phylotoast	1
smile4life/uwaterloo-igem-2015	1
smilefreak/ancient_dna_pipeline	1
smilefreak/selectiontools	1
smith-chem-wisc/metamorpheus	1
smith-chem-wisc/mzlib	1
smith-chem-wisc/proteoform-suite	1
smithsonian/compositae-cos-workflow	1
smoitra87/mrfs	1
smozaffari/wasp	1
smrucc/gcmodeller	1
smrucc/gcmodeller.workbench	1
smrucc/sequence-patterns-toolkit	1
smsaladi/disembl	1
smv818vms/crispr_detection	1
smv818vms/diffraction	1
snacktavish/pllaying	1
snaketron/genphen	1
snayfach/assemblyevaluator	1
snayfach/microbecensus	1
sndrtj/varda	1
sndrtj/wisecondor	1
snikol03/markov-chain-project	1
snoweye/cubfits	1
snurk/meta-strains	1
sochix/parallel-clustalw2	1
sodbilegbatbold/primer-design	1
soedinglab/mmseqs2	1
soedinglab/peng-motif	1
soh-i/ivy	1
soichih/node-osg	1
solgenomics/sgn	1
solonas13/aw	1
solonas13/bear	1
solonas13/csc	1
solonas13/maw	1
soltislab/transcriptome_microsats	1
songweizhi/hgtsim	1
sophiasantos/biomass_composition	1
sorig/shogun	1
souravsingh/khmer	1
southgreenplatform/scaffhunter	1
southgreenplatform/scaffremodler	1
sowe9385/qiime	1
sparkblastproject/v2	1
specht/gpf	1
spectra-cluster/spectra-cluster-py	1
sperka/shogun	1
sposadac/shorah	1
squirrelo/qiime	1
squirrelo/qiita	1
squirrelo/selextrace2	1
srblum/hackathon-server	1
srblum/server	1
srividya22/kbasernaseq	1
ssadedin/groovy-ngs-utils	1
ssn1306/trinityrnaseq	1
ssorgatem/qiime	1
ssubbotin/dnawasher	1
st3phen/modmap-generator	1
staehle/adna	1
stain/common-workflow-language	1
stajichlab/candida_lusitaniae	1
stajichlab/cauris_popgenomics	1
stajichlab/fgmp	1
stajichlab/genomeannotation	1
stajichlab/hortaea_werneckii	1
stajichlab/microbiome_resources	1
stajichlab/mtea	1
stajichlab/nanopore_lambda2016-10-12	1
stajichlab/neurospora_msud	1
stajichlab/phyling	1
stajichlab/relocate	1
standage/aegean	1
standage/genhub	1
stanfordosacademyswiprolog/basictutorial	1
stanisadmin/pyprot	1
stanzheng/scorpion-api	1
starvingmarvin/common-workflow-language	1
statalign/statalign	1
statalign/weavealign	1
statgen/samtools-0.1.7a-hybrid	1
stationarysalesman/apollo	1
statonlab/dibbs	1
ste69r/biokanga	1
stefanoallesina/bsd-qbio3	1
stefanoallesina/isc	1
steffenheyne/edenseq	1
stephensolis/modmap-generator	1
stevelinton/gap	1
stevenweaver/idepi	1
stmuk/perl6-examples	1
storeylab/sparta	1
stungeye/rosalind-ruby	1
sulab/jbrowse	1
summerschoolvn/sv_materials	1
sunericd/istools	1
sunghunbae/decode	1
sunhh/ngs_data_processing	1
sunthedeep/barcodecounter	1
supernifty/biotool	1
supernifty/gustle	1
superphy/backend	1
superphy/insilico-subtyping	1
superphy/semantic	1
suranap/qiime	1
susannasiebert/genome	1
sveinugu/gtrackcore	1
sven1103/pibi-course	1
svichkarevanatoly/bioinformatics-dna-motifs-search	1
svichkarevanatoly/course-python-bioinformatics	1
svohr/mixemt	1
swaathik/cellbase	1
swang8/perl_scripts_misc	1
swarris/combar	1
swarris/paswas	1
swarris/pypaswas	1
swathimystery/adam	1
swedex/fall_2013_coursework	1
swisstph/tbru_serialtb	1
swo/dbotu3	1
sylvainforet/saft	1
sysu-software/circscan	1
szilvajuhos/hello-ngi-engine	1
szilvajuhos/smallref	1
szitenberg/reprophylovagrant	1
t-b-f/pybioutils	1
t-neumann/slamdunk	1
taejoonlab/taejoonlab-toolbox	1
takadonet/bcftools_1_2_tests	1
takahiro-maruki/package-gfe	1
takayasaito/mikan	1
takayasaito/mkseed	1
tamu-cpt/galaxy-tools	1
tamu-cpt/mauved3	1
tamuri/treesub	1
tanaes/decontaminate	1
tanaes/snakemake_assemble	1
tancata/phylo	1
tanghaibao/jcvi	1
tarnyko/motif	1
tasu/epdb2ug	1
tbphu/fachkurs_2016_project	1
tbphu/fachkurs_master_2016	1
tcooper/velvet	1
tcsiwula/java_code	1
tdanford/adam	1
tderrien/feelnc	1
tea-j/rabin-karp-algorithm	1
teammaclean/bioruby-samtools	1
teammaclean/blastjs	1
tectronics/breseq	1
tectronics/ngopt	1
tectronics/stochhmm	1
tectronics/tag-db	1
tedholzman/profillicsimulation	1
teharrison/pipeline	1
teharrison/shock	1
teino1978-corp/teino1978-corp-wiggletools	1
teodecarvalho/primerdesign	1
teselagen/sequence-parsers	1
teselagen/ve-sequence-parsers	1
tfwillems/hipstr	1
tgac/earlham-galaxytools	1
tgac/kat	1
tgac/rampart	1
tgac/tgac-galaxytools	1
tgennorth/isgpipeline	1
tgirke/gen242	1
tgrogers/gpgpu-sim_simulations	1
tgvaughan/bacter	1
tgvaughan/feast	1
thackl/seq-scripts	1
thanhleviet/nextflow-ratt	1
thasso/pyjip	1
the-bioinformatics-group/skeletonema_resequencing	1
the-ntf/xpagesextensionlibrary	1
theboocock/ancient_dna_pipeline	1
thejacksonlaboratory/cloudneo	1
theoryno3/pygr	1
thephilross/rosalind	1
therussianfella/prot-pred	1
thesarahmeister/studygroup	1
theterminalbranch/snipsnap	1
thewickedaxe/600.647-computational-genomics	1
thinkerbot/ms-testdata	1
thirdknife/rosalind-problems	1
thirtyeggs/spectacle	1
thomaswollmann/bioconda-recipes	1
thuenenfg/varianttools	1
thw17/bio598_tutorial	1
thyra/biopeter	1
tiagoantao/biopython-notebook	1
tiagoantao/tools-iuc	1
tiagoantonio/woland	1
tianhao-gu/kb_stringtie	1
tianhao-gu/kb_uploadmethods	1
tianhao-gu/readsutils	1
tijeco/fuster	1
tijeco/fustr	1
tijeco/reciprofinder	1
timbalam/bamm	1
timbalam/finishm	1
timbalam/groopm	1
timmassingham/slr	1
timodonnell/varlens	1
timothyjlaurent/gutmetagenomics	1
timpalpant/bioruby-genomic-file	1
timpalpant/java-genomics-toolkit	1
tjelvar-olsson/tinyfasta	1
tjlagrow/cis-454-mosquito-project	1
tjparnell/biotoolbox	1
tjunier/mlgsc	1
tkchafin/mrbait	1
tkchafin/scripts	1
tkosciol/micronota	1
tlshaw/another-seq	1
tmogrady/public	1
tmooney/genome	1
tobiasrausch/alfred	1
tobiasstraub/bwinf-releases	1
toma63/bio	1
tomas-fer/hybphylomaker	1
tomck/intermine	1
tomdeman-bio/sequence-search-tool-for-antimicrobial-resistance-sstar-	1
tomjadams/furnace	1
tomjaspers/cgr-proteinclassification	1
tommyvanwijk/rivm_amplicon_pipeline	1
tomwhite/adam	1
tomwhite/hellbender	1
toniher/protloc	1
toniher/transmem	1
torognes/libsdb	1
torognes/libssa	1
toshi123/python4beginners	1
tracykteal/replicate-filter	1
transcript/samsa2	1
transcript/samsa_v2	1
transplantation-immunology/embl-hla-submission	1
travc/vcftools	1
trentonsarnowski/genomebusters	1
trile965/insphyl	1
trinhtuananh/algobioinfo	1
trinityrnaseq/trinityrnaseq	1
tripal/tripal	1
troyhernandez/alignmentfreer	1
trsampaio/microsat	1
trvinh/phyloprofile	1
tsackton/ratite-genomics	1
tsailabsj/circleseq	1
tseemann/abricate	1
tseemann/mlst	1
tseemann/nullarbor	1
tseemann/shovill	1
tseemann/snippy	1
tsingke/sw-xeonphi	1
tsnorri/compact-superstring	1
tsnorri/vcf2multialign	1
ttdtrang/slidingbindingbox	1
ttriche/artemisdata	1
tuanjienew/blast	1
tuanjienew/indel-finder	1
tucano/bpipe	1
tuftsbcb/io	1
tuftsbcb/smurfbuild	1
tuftsbcb/tools	1
tuonelansurma/blaspeller	1
turbo0628/lsbds	1
tutufan/greylag	1
twalsh/projectrosalind	1
tweety-fer/bioinf-bwt	1
twlee79/profscore	1
twosigma/beaker-notebook-examples	1
tyberiusprime/pysam	1
tyjo/hipstr	1
tzk/bctools	1
tzk/eden	1
tzk/eden_examples	1
ubcbio525/bio525d	1
ubccr/treat	1
ucancompbio/avoidance	1
ucancompbio/invasive_salmonella	1
ucancompbio/rna_interactions_benchmark	1
ucdenver-ccp/datasource	1
uci-cbcl/extreme	1
uclorengogroup/cath-tools	1
ucsc-nanopore-cgl/nanopore-rnn	1
udem-lbit/gapol	1
udo-stenzel/mapping-iterative-assembler	1
udo-stenzel/samtools-patched	1
uestc-igem-2014/crispr-x	1
ugeneunipro/ugene	1
uhjish/bx-python	1
ulo/protter	1
umfinne2/comp4710--project	1
umms-biocore/ga4gh-server	1
unc-major-lab/fragment-isotope-distribution-paper	1
undeadpixel/mallet	1
undeadpixel/rosalind	1
unison/unison	1
unix-junkie/motif	1
unode/ete	1
uoa-eresearch/featureviewerr	1
updownlife/bondtree	1
updownlife/multiplek	1
upendrak/pegasus-jetstream-gem	1
ursgal/ursgal	1
ursky/metawrap	1
usda-ars-gbru/microbiome-workshop	1
ut-planteco/ssu-pipeline	1
utgenome/utgb	1
uzh/ezrun	1
valentinapeona/tebreak	1
vangalamaheshh/snakemake	1
vangen-hackathon/october_2016	1
varda/varda	1
vavrusa/seqalpha	1
vcflib/vcflib	1
vcftools/vcftools	1
vdbwrair/bactpipeline	1
vdbwrair/bio_bits	1
vdbwrair/bio_pieces	1
vdbwrair/bioframes	1
vdbwrair/bioframework	1
vdbwrair/compare_blast	1
vdbwrair/haskell-maaps	1
vdbwrair/samtools	1
veg/hyphy-site	1
veg/idepi	1
vegardt/glycansearchervt	1
veitveit/automatic-workflow-composition	1
verdurin/biobench2	1
verilylifesciences/genomewarp	1
vesteinn/fasta2agp	1
vetscience/tools	1
vhavlena/appreal	1
viapath/zippy	1
victor-gil-sepulveda/phd-hivproteasemutation	1
victor-lin/npact	1
victorian-bioinformatics-consortium/nesoni	1
victorkong94/amaryllis	1
vicugnapacos/alpaca	1
viennarna/forgi	1
vimalkumarvelayudhan/riboplot	1
vimalkumarvelayudhan/riboseqr_wrapper	1
vimalkvn/riboplot	1
vimalkvn/riboseqr_wrapper	1
vinace/adam	1
vinuesa/get_phylomarkers	1
vipints/hgvs	1
vipints/oqtans	1
virtool/virtool	1
virtool/virtool-database	1
vitalit-sib/msviz-test-rest	1
vivekiitkgp/sequenceserver	1
vivovip/bpipe	1
vladsaveliev/bcbio-nextgen	1
vlopezferrando/pymut	1
voigtlab/mit-broadfoundry	1
volpino/yeps-eurac	1
voutcn/fp-comp8503	1
voutcn/megahit	1
vpbrendel/gorampage	1
vpbrendel/movrs	1
vpbrendel/xgdbvm	1
vplagnol/bcges_short_courses	1
vsbuffalo/bds-files	1
vsbuffalo/scythe	1
vseledkin/paper12-plosone-deepproteinmultitasktagging	1
vtphan/fmic	1
vtsynergy/opendwarfs	1
w-korani/keggseq	1
walterst/qiime	1
wangqinhu/tsrfinder	1
wanpinglee/scissors	1
warrenlr/pass	1
warrenlr/rails	1
warrioring64/jukes-cantor	1
wasade/american-gut	1
wasade/qiime	1
wasade/qiita	1
wassermanlab/tffm	1
waszker/bioinformatics	1
watsonmf/csci-5314	1
waytai/wooey	1
wdwvt1/qiime	1
webdev1001/webmin	1
webmasterar/circularstringmatching	1
webmasterar/libflasm	1
webmasterar/maxshiftm	1
webmin/webmin	1
weenkus/fm-index	1
weese/seqan	1
weiquan/ngstraining	1
weirdcircumstances/hu_bp_python_course	1
wenchaolin/fastautil	1
weng-lab/wiggletools	1
wgerlach/pipeline	1
wgerlach/shock	1
whitehead/plaac	1
whitemx/iconuk	1
whitneywhitford/rbv	1
wholebiome/metapathways_python_koonkie.3.0	1
wholegenomesequencinganalysispipeline/bacpipe	1
widdowquinn/find_differential_primers	1
widdowquinn/notebooks-bioinformatics	1
widdowquinn/pyani	1
widdowquinn/pyrbbh	1
widdowquinn/scripts	1
widdowquinn/si_holmes_etal_2017	1
widdowquinn/teaching-2015-03-17-uod_compgenvis	1
widdowquinn/teaching-dundee-bs32010	1
widdowquinn/teaching-embl-plant-path-genomics	1
widdowquinn/teaching-sfam-ecs	1
widdowquinn/thapbi	1
widdowquinn/thapbi-pycits	1
williamdlees/biotools	1
williamdlees/trigs	1
williamritchie/irfinder	1
williamtsuii/avid	1
willmclaren/ensembl-rest	1
willmclaren/ensembl-variation	1
wilsonsayreslab/alignmentprocessor	1
wingolab-org/seq2-annotator	1
winterflower/khmer	1
wissil/lcp_bwt	1
wjlong0318/dofasta	1
wjlong0318/proteomics	1
wjurkowski/earlham-galaxytools	1
wk8910/bio_tools	1
wkretzsch/bcftools	1
wltrimbl/autoskewer	1
wltrimbl/genecall_test	1
wltrimbl/kmerspectrumanalyzer	1
wm75/mimodd_galaxy_wrappers	1
woden501/ceg7380project4	1
wonder-mice/sandbox	1
woodymit/millstone	1
woodymit/millstone_accidental_source	1
wooey/django-djangui	1
wooey/wooey	1
wookietreiber/bedtools2	1
wookietreiber/vcftools	1
wookoouk/blast.js	1
wookoouk/blastjs	1
work-hard-play-harder/sequence-order-frequency-matrix	1
wormlabcaltech/mprsq	1
wpoehlm/pbs-gem	1
wrshoemaker/horizenvtransfer	1
wrshoemaker/qb-2017	1
wtsi-hgi/bcftools	1
wtsi-hgi/vr-pipe	1
wtsi-npg/data_handling	1
wtsi-npg/npg_docker	1
wtsi-npg/npg_irods	1
wurmlab/afra	1
wurmlab/dockerfiles	1
wurmlab/genevalidator	1
wurmlab/genevalidatorapp	1
wurmlab/npsearch	1
wwliao/deltagc_repeat	1
wwood/apilocserver	1
wwood/bamm	1
wwood/bbbin	1
wwood/bioruby-emboss_six_frame_nucleotide_sequences	1
wwood/bioruby-greengenes_database	1
wwood/bioruby-ipcress	1
wwood/bioruby-kmer_counter	1
wwood/bioruby-singlem	1
wwood/bioruby-tm_hmm	1
wwood/bioruby-velvet	1
wwood/bioruby-velvet_underground	1
wwood/finishm	1
wwood/graftm	1
wwood/orfm	1
xapple/plumbing	1
xapple/pyrotrfid	1
xapple/seqenv	1
xapple/seqsearch	1
xbello/pyrthologous	1
xenigmax/seqan	1
xeniosk21/circularstringmatching	1
xguse/bioconda-recipes	1
xguse/extract-genome-region	1
xguse/spartan	1
xiaeryu/spotyping-v0.0	1
xiaeryu/spotyping_perl	1
xiaofeiyangyang/physpetools	1
xibalbanus/pia2	1
xieguigang/gcmodeller	1
xingjianxu/cloudphylo	1
xingjianxu/gmtrainer	1
xji3/igccodonsimulation	1
xji3/igcexpansion	1
xjw1001001/igcexpansion	1
xlcupid/dl-learner	1
xp3i4/seqan	1
xrsheeran/metamorpheus	1
xtbg/biotools	1
xtso520ok/webmin	1
xubo245/cloudsw	1
xubo245/gcdss	1
xuebingwu/kplogo	1
xuebingwu/pka	1
xuebingwu/xtools	1
xuewenwanguga/gmata	1
xwbio/rrbssim	1
xzt41/ribocode	1
xzy3/snp_analysis	1
yaccconstructor/yaccconstructor	1
yandell-lab/taxonomer_0.5	1
yanglab/circfinder	1
yanzhu-ji/avian-recomb	1
ychecourseproject/dia-umpire-maven	1
yeastrc/msdapl	1
yeastrc/paws_protein_annotation_web_services	1
yeban/sequenceserver	1
yeolab/gscripts	1
yesimon/bioconda-recipes	1
yevheniyc/projects	1
yevheniyc/python	1
yfu/tools	1
yhoogstrate/dr-disco	1
yhoogstrate/segmentation-fold	1
yhoogstrate/tools-iuc	1
yjingj/bfgwas_ss	1
yjx1217/lrsday	1
yksmym/gainlossmapper	1
yksmym/genomeidentifier	1
ylipacbio/forreferenceonly	1
yliu120/errorcorrection	1
ynkdk/bioseq-project2	1
ynkdk/bioseq-project3	1
yorkerlin/shogun	1
yotamfr/prot2vec	1
youprofit/shogun	1
youprofit/webmin	1
youssef-emad/shogun	1
ysig/bioclasssim	1
yue-jiang/rnaseqquant	1
yuhuei/rehunt	1
yuifu/moccs	1
yumyai/ksiga	1
yunfeiguo/bioinfo_toolbox	1
yunhailuo/yl-omics-toolkit	1
yunhaowang/isoseqsim	1
yuriyshapovalov/prototypes	1
yushan87/resolve	1
yuuagh/pywork	1
yuwwu/cogmapper	1
yuwwu/eztree	1
yvehchan/tim_empiric	1
zachcp/bioconda-recipes	1
zachcp/biojava	1
zachcp/qiime	1
zamanianlab/50hgi	1
zbwrnz/smof	1
zbwrnz/zwc	1
zctea/bio_scripts	1
zebrafishmine/intermine	1
zeeev/bevel	1
zeng-bioinfo/thu-samlib	1
zhangfang615/tuberculosis	1
zhangjiajie/tax_benchmark	1
zhangwei2015/impre	1
zhangy72/hmm-frame	1
zhangy72/pseudodomain	1
zhangyumin/front	1
zhichaoxu/pbacode-perl-code	1
zhizhid/bam_parser	1
zhmz90/daily	1
zhoujj2013/lncfuntk	1
zhouxiaofan1983/iwgs	1
zhujianwei31415/dcnnfold	1
zhujianwei31415/deepfr	1
zibraproject/zika-pipeline	1
zixiaojindao/velvetg	1
zmactep/igcat	1
zoesteier/finalproject2	1
zoomrmc/rust-rosetta	1
zoophy/zoophy-ui	1
zorino/bacterial-annotator	1
zreyn/p3_web	1
zrolfs/metamorpheus	1
zronyj/tc3q	1
zronyj/tqca	1
zsailer/phylogenetics	1
zvdb/zvdb	1
zwanli/bioconda-recipes	1
zwets/unfasta	1
zygolife/amf_phylogenomics	1
zygolife/bifiguratus_phylogenomics	1
zymeworks/code-review	1
zyndagj/falcon-formatter	1
zyndagj/fastqc_py	1
zyndagj/zed-bsmap-align	1
zyxue/biogrinder	1
zzj/rnaskim	1
